id,"i_dialog","i_utterance",speaker,utterance
1622,150,18,Lauren,"Hi, pig!"
1621,150,17,Joey,"Hi, Lauren."
1620,150,16,Kate,"Hi, Lauren."
1619,150,15,Lauren,"Hi, Kate!"
1618,150,14,Joey,"Nooo."
1617,150,13,Kate,"Joey, I?m-I?m sorry you feel bad, but haven?t you ever sleep with a women where it meant more to her than it did to you?"
1616,150,12,Kate,"That?s all it was."
1615,150,11,Kate,"Look umm, I, I was, I was just caught up in the moment."
1614,150,10,Joey,"I-I was there, you?re not that good an actress."
1613,150,9,Joey,"I mean, come on you can?t tell me last night didn?t mean something to you."
1612,150,8,Joey,"It was a big deal."
1611,150,7,Joey,"What are you talking about?"
1610,150,6,Phoebe,"Well not exactly like the one in the poem."
1609,150,5,Monica,"Yeah, just like the one in the poem."
1608,150,4,Phoebe,"Yeah, it's a vase."
1607,150,3,Monica,"Oh-ho, look what I got Julio."
1606,150,2,Phoebe,"What are you wrapping?"
1605,150,1,Monica,"Hey."
1604,150,0,Phoebe,"Hey!"
1603,149,17,Joey,"Yeah."
1602,149,16,Phoebe,"See?"
1601,149,15,Phoebe,"Yeah your pervert boyfriend watched me in a porno movie!"
1600,149,14,Phoebe,"Okay?"
1599,149,13,Phoebe,"From porn!"
1598,149,12,Phoebe,"All right, I?ll give you a hint."
1597,149,11,Phoebe,"You?re trying to figure out where you know me from?"
1596,149,10,Phoebe,"Yeah."
1595,149,9,Joey,"You do?"
1594,149,8,Phoebe,"Oh no! No! I know how to handle it."
1593,149,7,Joey,"That?s great, but isn?t it gonna bother that people still think you?re a porn star?"
1592,149,6,Phoebe,"Um-mmm,"
1591,149,5,Joey,"Nice!"
1590,149,4,Phoebe,"No! No! I just went to pick up Phoebe Buffay?s checks; there were a lot of them."
1589,149,3,Joey,"Oh no, not you too!"
1588,149,2,Phoebe,"So, I just came from the company Ursula works for."
1587,149,1,Joey,"Hey!"
1586,149,0,Phoebe,"Hey!"
1585,148,14,Joey,"Thanks! Okay-okay check it out!  Picture? What picture?  Eh?"
1584,148,13,Richard,"Great!"
1583,148,12,Joey,"Wow! Didn?t know that."
1582,148,11,Richard,"That?s what real actors do! Annunciation is the mark of a good actor! And when you enunciate, you spit!"
1581,148,10,Joey,You
1580,148,9,Richard,"Well of course I am!"
1579,148,8,Joey,"But you?re spittin? all over me man!"
1578,148,7,Richard,"Oh, thanks."
1577,148,6,Joey,"Okay uh, look I know you?re a great actor, okay? And you play all those Shakespeare guys and stuff"
1576,148,5,Richard,"Could you uh, could you lower your script? I need to see your face so I can uh, play off your reaction."
1575,148,4,Joey,"Picture? What picture?"
1574,148,3,Richard,"I found the picture!"
1573,148,2,Joey,"Alright."
1572,148,1,Richard,"Just the last two pages."
1571,148,0,Joey,"Oh man! They-they just redid my make-up!"
1570,147,14,Chandler,"Okay, so, I'm in Las Vegas..."
1569,147,13,Rachel,"Ugh.  Excuse me, could you give this to that guy over there?  Go ahead.  Thank you.  Sorry.? Okay, Las Vegas."
1568,147,12,Chandler,"Kids, new dream... I'm in Las Vegas."
1567,147,11,All,"Yeah. Yeah, I'll have a cup of coffee."
1566,147,10,Rachel,"I'm just serving it."
1565,147,9,Chandler,"Did you make it, or are you just serving it?"
1564,147,8,Rachel,"Would anybody like more coffee?"
1563,147,7,Ross,"There's an image."
1562,147,6,Joey,"Oh, you wouldn't know a great butt if it came up and bit ya."
1561,147,5,Monica,"I said that you had a nice butt, it's just not a great butt."
1560,147,4,All,"Yes!"
1559,147,3,Phoebe,"Oh, was I doing it again?"
1558,147,2,Monica,"Would you stop?"
1557,147,1,Monica,"What? I-I said you had a-"
1556,147,0,Joey,"I can't believe what I'm hearing here."
1555,146,18,Rachel,"EHHHHHHHHHHH!!!!!!! My God!!!!!!!!!!! Oh my God!!!!!!!"
1554,146,17,Ross,"I-I-am?"
1553,146,16,Rachel,"No you guys"
1552,146,15,Ross,"Wait! No! Ben, come here! I am"
1551,146,14,Rachel,"No! Wait! Come on!"
1550,146,13,Ross,"All right, that?s it!  Come?you?no! You are in big trouble young man!"
1549,146,12,Ben,"What did we just finish talking about Ben?!"
1548,146,11,Rachel,"Oh I"
1547,146,10,Ross,"What?  That?s great. That is great.  What did we just finish talking about Ben?!"
1546,146,9,Rachel,"I can?t let him go out that way, he?s got a meeting.  You?ve got something here on your back."
1545,146,8,Ross,"What?"
1544,146,7,Rachel,"Ohh, okay.  Wh?Ah-ha!  Wait a minute. Uh Ben, I can?t do it."
1543,146,6,Ross,"Okay, I?ll see you later pal."
1542,146,5,Rachel,"Ohhh! Well of course I will watch him! We have fun, don?t we Ben?"
1541,146,4,Ross,"And-and he-he asked for his uh, ?Fun Aunt? Rachel, so"
1540,146,3,Ross,"I-I?ve got this meeting at school."
1539,146,2,Ross,"Hey I?m sorry to do this to you again but uh, is there any way you can look after Ben for a little bit?"
1538,146,1,Rachel,"Hey!"
1537,146,0,Ross,"Hey!"
1536,145,18,Rachel,"Yes."
1535,145,17,Ross,"I was barefoot. Now tell me, the toilet thing is the only thing you taught him right?"
1534,145,16,Rachel,"Oh, come on!"
1533,145,15,Melissa,"She didn?t."
1532,145,14,Rachel,"Thank you Phoebe."
1531,145,13,Phoebe,"Okay, if-if you say that you kissed Melissa, then you kissed Melissa."
1530,145,12,Phoebe,"All right?"
1529,145,11,Phoebe,"I believe you."
1528,145,10,Phoebe,"You don?t have to do this."
1527,145,9,Phoebe,"Rachel, it?s okay."
1526,145,8,Rachel,"No!!"
1525,145,7,Melissa,"Maybe I passed out and you did stuff to me while I was sleeping."
1524,145,6,Melissa,"I mean if I thought it happened I would say it."
1523,145,5,Melissa,"I?m sorry Ray-ray."
1522,145,4,Rachel,"Yeah?but come on?Listen, I?m sorry I don?t want to make you uncomfortable, but I told Phoebe that it happened and she doesn?t believe me."
1521,145,3,Phoebe,"Oh, somewhere Joey?s head is exploding."
1520,145,2,Rachel,"Wh? Come on! Remember? We were on the sleeping porch! We couldn?t stop giggling? And our coconuts kept knockin? together?"
1519,145,1,Melissa,"I don?t know. I don?t remember a lot of things that never happened."
1518,145,0,Rachel,"How can you not remember us kissing?!"
1517,144,14,Ross,"No!"
1516,144,13,Rachel,"Am I"
1515,144,12,Ross,"Okay. Sure."
1514,144,11,Rachel,"Y?know what, I-I have to go talk to her, would you let me just get changed?"
1513,144,10,Ross,"And so do I."
1512,144,9,Rachel,"I care!"
1511,144,8,Ross,"Oh, who cares?"
1510,144,7,Rachel,"Come on! Serious-ser-ser-seriously, what did she mean by that?  Especially you!"
1509,144,6,Ross,"Still thinking about it huh?"
1508,144,5,Rachel,"We were both out there kissing."
1507,144,4,Rachel,"I mean, why not especially you and me?"
1506,144,3,Rachel,"What do you think Monica meant when she said she didn?t want to talk, especially with me?"
1505,144,2,Ross,"Hey, I just realized we kinda left some stuff up in the air"
1504,144,1,Rachel,"Hey."
1503,144,0,Ross,"Guess who?"
1502,143,14,Joey,"Well?I got a head rush from standing up too fast right there."
1501,143,13,Phoebe,"Ahhh!!"
1500,143,12,Rachel,"I get to hire my own assistant!"
1499,143,11,Monica,"Oooh!"
1498,143,10,Joey,"I?ll be playing Drake Ramoray?s twin brother, Stryker!"
1497,143,9,Phoebe,"Oh hey!"
1496,143,8,Phoebe,"Oh my god! Where are you?"
1495,143,7,Monica,"He's black and white and shaggy and [Cut to Monica?s apartment] he's sitting next to Rachel and licking Rachel's hand."
1494,143,6,Monica,"Yes there is!"
1493,143,5,Phoebe,"No, there's no dog here?"
1492,143,4,Chandler,"Tell her, I'm allergic, and I will sue!"
1491,143,3,Monica,"Phoebe, there's a dog sitting on my couch!"
1490,143,2,Phoebe,"I'm sorry, who's this?"
1489,143,1,Monica,"Phoebe, why is there a dog in our apartment?"
1488,143,0,Phoebe,"Hi Geller-Bing residence. How can I help?"
1487,142,17,Rachel,"Alright, c'mon!  Let's play"
1486,142,16,Monica,"Uh- Rachel has left the building, can you call back?"
1485,142,15,Rachel,"So if that sounds like I'm okay, okay, then you can tell them I'm okay, okay?"
1484,142,14,Rachel,"And it's not even for me!"
1483,142,13,Rachel,"Well, let's see, the FICA guys took all my money, everyone I know is either getting married, or getting promoted, or getting pregnant, and I'm getting coffee!"
1482,142,12,Rachel,"Okay.. they wanna know if I'm okay, okay, let's see."
1481,142,11,Rachel,"They wanna know if I'm okay."
1480,142,10,Monica,That
1479,142,9,Rachel,"But I haven't used my card in weeks!"
1478,142,8,Monica,"Um, they say there's been some unusual activity on your account."
1477,142,7,Monica,"Yes, hold on."
1476,142,6,Monica,"Could you please tell me what this is in reference to?"
1475,142,5,Rachel,"Oh, God, ask them what they want."
1474,142,4,Monica,"Uh, Rach, it's the"
1473,142,3,Phoebe,"Ooh! Ooh! And I brought"
1472,142,2,Monica,"We got some trashy magazines, we got cookie dough, we got"
1471,142,1,Monica,"We thought since Phoebe was staying over tonight we'd have kinda like a slumber party thing."
1470,142,0,Rachel,"Okay."
1469,141,18,Joey,"Yeah, I was auditioning for a play and the producer fell asleep and...  no wait a minute... it was"
1468,141,17,Joey,"Wait a minute, this happened to me before!"
1467,141,16,Joey,"Oh!"
1466,141,15,Joey,"That's a tough one."
1465,141,14,Joey,"Uh!"
1464,141,13,Ross,"I can't! If he realizes that"
1463,141,12,Joey,"Well, just wake him up!"
1462,141,11,Ross,"In fact he was just talking in his sleep before and evidently he wants someone named Fran to spank him harder."
1461,141,10,Ross,"He's out cold!"
1460,141,9,Ross,"What am I supposed to do?"
1459,141,8,Joey,"Fine, I'll rent a car and drive...! Ross, you have to get that job!"
1458,141,7,Ross,"Barbados."
1457,141,6,Joey,"What!? But I already bought my ticket to Bermuda!"
1456,141,5,Ross,"It could be better! He, uhm... he fell asleep!"
1455,141,4,Joey,"Oh! How's it going?"
1454,141,3,Ross,"I'm meeting with professor Sherman about my being the keynote speaker..."
1453,141,2,Joey,"No. no... eh... she went shopping with Rachel. Why? What's up?"
1452,141,1,Ross,"Joey! Hey, I need to talk to Charlie. Is she there?"
1451,141,0,Joey,"Hello?"
1450,140,16,Phoebe,"No.  Oh wait yes! I do, I do have one question. What is toner?"
1449,140,15,Supervisor,"So, I think you?re ready to sell toner, do you have any last questions?"
1448,140,14,Phoebe,"Oh."
1447,140,13,Supervisor,"They?re always going to tell you they don?t need toner, but that?s okay because whatever they say, you can find the answer to it here in this script."
1446,140,12,Phoebe,"Oh well, all right?um, no offense, but you were kind of rude."
1445,140,11,Supervisor,"Okay, what was wrong with that call?"
1444,140,10,Phoebe,"Oh okay, well I?m sorry to bother you. Bye-bye.  Yeah you?re right, this is easy."
1443,140,9,Supervisor,"We don?t need any toner."
1442,140,8,Chandler,"Wow that?s actually pretty cool."
1441,140,7,Ross,"In the biggest library in the university!"
1440,140,6,Ross,"Yeah, it?s right-it?s right down here!"
1439,140,5,Ross,"It?s here!"
1438,140,4,Ross,"My doctoral dissertation!"
1437,140,3,Ross,"Okay, okay, I was typing names into the library computer earlier, y?know-y?know for fun, and I typed mine in and guess what came up?"
1436,140,2,Chandler,"The hot chicks?"
1435,140,1,Ross,"Okay, okay take a guess."
1434,140,0,Chandler,"Come on! Why are we here?!"
1433,139,9,Woman,"Great!  Dad!  Thank you so much, I?ll be back to pick him up in an hour."
1432,139,8,Ross,"Yes I am."
1431,139,7,Woman,"Well, I don?t know. Are you a masseur?"
1430,139,6,Ross,"Can I, can I help you with something?"
1429,139,5,Woman,"Ohh great."
1428,139,4,Monica,"So, uh y?know, maybe this is selfish and I?m sorry about it, but I was kinda hoping tonight could just be about that."
1427,139,3,Monica,"See, I?ve been waiting my whole life to be engaged, and unlike some people I?m only planning on doing this once."
1426,139,2,Rachel,"What?"
1425,139,1,Monica,"Can I ask you just a little question, huh? Why tonight?"
1424,139,0,Ross,"Okay, Monica. Mon, uh what-what you just saw"
1423,138,12,Joey,"Yeah, that was real."
1422,138,11,Kate,"Right, at the end, you choked on a cookie."
1421,138,10,Jason,"W-w-w-wait! Why?!"
1420,138,9,Phoebe,"Well, we gotta get out of here!"
1419,138,8,Phoebe,"Oh my God, here they come!"
1418,138,7,Phoebe,"Well, we don't n-n-n-n-need a fireman, we'd, we'd like a good mechanic."
1417,138,6,Jason,"No, no?"
1416,138,5,Phoebe,"No! No!"
1415,138,4,Jason,"Ahh-ahh, we'd better call the fire department!"
1414,138,3,Phoebe,"Oh my God!!!"
1413,138,2,Jason,"Whoa!"
1412,138,1,Phoebe,"That is so great! Oh, I...  Oh my God!"
1411,138,0,Jason,"...and I know I'll never miss doing it, but I gotta tell you, it's pretty cool knowing that you're making a difference in a kid's life."
1410,137,10,Phoebe,"I don?t want to go into the whole thing, but umm, we have words and I kill him."
1409,137,9,Joey,"Oh-oh, what about Ross?"
1408,137,8,Phoebe,"We?ll have Chandler?s money and Rachel?s kids and getting custody will be easy because of Rachel?s drinking problem."
1407,137,7,Phoebe,"But then we ditch those two and that?s when we get married."
1406,137,6,Joey,"Great!"
1405,137,5,Phoebe,"I know. Then, I?m gonna marry Chandler for the money and you?ll marry Rachel and have the beautiful kids."
1404,137,4,Joey,"Wow."
1403,137,3,Phoebe,"Okay umm, well, first Chandler and Monica will get married and be filthy rich by the way. Yeah. But it won?t work out."
1402,137,2,Joey,"Really?! Well, when?"
1401,137,1,Phoebe,"Oh we do, but not just yet."
1400,137,0,Joey,"So, Ross and Rachel got married, Monica and Chandler almost got married, do you think you and I should hook up?"
1399,136,12,Ross,"Me neither."
1398,136,11,Charlie,"I didn't do that."
1397,136,10,Ross,"And then, you try to make the best of a bad situation, so you float the idea of a threesome?"
1396,136,9,Phoebe,"Ok, ok, how many of you"
1395,136,8,Monica,"Ok, quick    question: by a show of hands, how many of you were bothered by this woman's    singing outside?"
1394,136,7,Monica,"Excuse me, excuse me, hi, I'm    Monica Geller..I'm the head chef here.. ..    Ok, I was actually expecting a little applause there, but whatever!"
1393,136,6,Phoebe,"Get your garlic-peelers    off me!"
1392,136,5,Monica,"Oh yeah? Ok, let's settle this, come on!"
1391,136,4,Phoebe,"Why? The only person my playing is bothering is you!"
1390,136,3,Monica,"Ok, you have to stop playing now."
1389,136,2,Phoebe,"You'd better get back in that kitchen Monica, the garlic is    not gonna overuse itself."
1388,136,1,Monica,"Thank god, it's just you! I thought someone was swinging a bag    of cats against the wall."
1387,136,0,Phoebe,"Food here at 'Javu'..will kill you..the food here    at 'Javu' ...will kill you.."
1386,135,11,Phoebe,"I know I will."
1385,135,10,Phoebe,"Well it's just something to think about."
1384,135,9,Phoebe,"I think it's just y'know that I haven't been with a guy in so long and how sometimes you're looking for something and you just don?t even see that it's right there in front of you sipping coffee?Oh no, have I said to much?"
1383,135,8,Chandler,"What's going on?"
1382,135,7,Phoebe,"Well actually you're the one person I can't tell this too. And the one person I want to the most."
1381,135,6,Chandler,"Phoebe, it's me. You can tell me anything."
1380,135,5,Phoebe,"Well, if you really wanna know, I'm?Oh! I can't tell you this."
1379,135,4,Kara,"I'm not all right."
1378,135,3,Doug,"Well, I gotta tell ya Bing; that partner of yours is a real tiger.  Are you all right sweethart?"
1377,135,2,Monica,"Game!"
1376,135,1,Kara,"Oww!!"
1375,135,0,Doug,"Bing!"
1374,134,9,Joey,"No, no, no, don?t get up, I got a cooler right here."
1373,134,8,Chandler,"Yeah, I?ll go get one."
1372,134,7,Joey,"They do that a lot. Hey, you want a beer?"
1371,134,6,Chandler,"Wow! Look at them run."
1370,134,5,Joey,"Nicole Eggert. You'll like her."
1369,134,4,Chandler,"Well, it sounds kinda stupid...  Who?s she?"
1368,134,3,Joey,"Lifeguards."
1367,134,2,Chandler,"What?s it about?"
1366,134,1,Joey,"Baywatch."
1365,134,0,Chandler,"So ah, whatcha watching?"
1364,133,9,"Mr. Zelner","Last week when I asked you when your due date was uh, I certainly did not mean that I felt that"
1363,133,8,"Mr. Zelner","Okay?"
1362,133,7,"Mr. Zelner","If I in any way implied that I wanted to buy your baby?I am sorry."
1361,133,6,Rachel,"Oh God."
1360,133,5,"Mr. Zelner","I?ve asked Lee from human resources to be here as a witness to our conversation."
1359,133,4,Rachel,"Yeah."
1358,133,3,"Mr. Zelner","Oh I think it?s best that I speak first."
1357,133,2,Rachel,"Okay look Mr. Zelner"
1356,133,1,"Mr. Zelner","Please, come in. Have a seat."
1355,133,0,Rachel,"Morning. You wanted to see me?"
1354,132,11,Joey,"Well nothing yet, they really hate you and I want to fit in."
1353,132,10,Monica,"What kinda things have you been saying?"
1352,132,9,Joey,"You don?t fire me, instead I stay here, I gain their trust, and they?ll start listening to all the nice things I?ve been saying about you."
1351,132,8,Joey,"Look, how-how about this?"
1350,132,7,Joey,"And I gotta pay rent!"
1349,132,6,Monica,"Joey, we had a deal. That-that?s why you?re here! I?ve got to fire you!"
1348,132,5,Joey,"It?s been a long time since I had?  327 + 238 dollars!"""""
1347,132,4,Joey,"But I was standing there with 327 dollars in one hand and 238 dollars in the other hand, and I was thinking, """"Wow!"
1346,132,3,Joey,"Really!"
1345,132,2,Joey,"I was gonna do it!"
1344,132,1,Joey,"I am so-so-so sorry."
1343,132,0,Monica,"What the hell happened?!"
1342,131,9,Monica,"Ok...ay."
1341,131,8,"Young Ethan","Oh, I'm a senior... in High School."
1340,131,7,Monica,"You're not a senior?"
1339,131,6,"Young Ethan","I'm a little younger than I said."
1338,131,5,"Young Ethan","Uh, listen um, as long as we're telling stuff, uh, I have another one for you."
1337,131,4,Monica,"But I figured, you know, that shouldn't change anything. I mean, what the hell does it matter how old we are."
1336,131,3,"Young Ethan","Huh!"
1335,131,2,Phoebe,"I know! I know, I opened it up and there it was, just floating in there, like this tiny little hitch-hiker!"
1334,131,1,All,"Eww!"
1333,131,0,Ross,A
1332,130,13,Phoebe,"Tell him it's for you."
1331,130,12,Phoebe,"You're right."
1330,130,11,Rachel,"No! Forget it! I am"
1329,130,10,Phoebe,I
1328,130,9,Rachel,"Me?!"
1327,130,8,Phoebe,"Oh, just ask him!"
1326,130,7,Rachel,"Phoebe, no! This is, this is insane."
1325,130,6,Phoebe,"Listen, I-I hate to miss an opportunity just because I didn't"
1324,130,5,Phoebe,"Seriously, three babies are a handful maybe they're y'know, looking for a chance to unload one of them."
1323,130,4,Phoebe,"Y'know?"
1322,130,3,Phoebe,"Maybe not!"
1321,130,2,Rachel,"Yes! Yes! Yes, I do! I do know! Frank and Alice are gonna want to keep"
1320,130,1,Phoebe,"Why not?! Maybe I can, you don't know!"
1319,130,0,Rachel,"Okay, Phoebe, honey, you gotta be kidding. I mean, you"
1318,129,9,Monica,"Well?it?s just umm?I?m afraid you might mess it up."
1317,129,8,Chandler,"Yes! And look, now that I know if I got some extra stuff lying around can we, can we share the closet."
1316,129,7,Monica,"Really? You promise you won?t tell anyone?"
1315,129,6,Chandler,"No, honey you?re not sick! Look, I don?t love you because you?re organized, I love you in spite of that."
1314,129,5,Monica,"No Chandler, you don?t understand! (Chandler starts singing the theme for"
1313,129,4,Chandler,"I married Fred Sanford!"
1312,129,3,Monica,"Oh no! You weren?t supposed to see this!"
1311,129,2,Chandler,"You?re messy."
1310,129,1,Monica,"How did you get in there?!"
1309,129,0,Chandler,"Not to shabby, I got this all off myself?using my wife?s tools.  Oh my God!"
1308,128,10,Joey,"!"
1307,128,9,Joey,"Don?t you people ever knock?"
1306,128,8,Joey,"Yeah."
1305,128,7,Joey,"Good."
1304,128,6,Joey,"Okay, that give you a couple hours to prepare what you?re gonna say."
1303,128,5,Joey,"That?s good."
1302,128,4,Joey,"Okay."
1301,128,3,Rachel,"Sure! That sounds great! Just leave me a message and tell me where to meet you. Okay?"
1300,128,2,Joey,"Okay umm, I just came by to tell you that I?want to have dinner with you tonight. That?s all."
1299,128,1,Rachel,"Well honey, I?m late for a meeting. So can you just make it quick?"
1298,128,0,Joey,"Here? In the hall? What are we animals?"
1297,127,11,Joey,"I'm Joey. I mean, I'm disgusting. I make low-budget adult films."
1296,127,10,Rachel,"And with Chandler in the next room. What are you, what are you sick?"
1295,127,9,Chandler,"What is going on here?"
1294,127,8,Rachel,"Joey, is what she just said umm?Oh my God.  You were actually gonna"
1293,127,7,Joey,"Hiya."
1292,127,6,Cynthia,"I can't believe you thought that you were going to video tape us having sex on the first date!"
1291,127,5,Joey,"Oh no-no-no-no, wait-wait-wait!!"
1290,127,4,Cynthia,"Oh, candles!  What is that? A blanket? A video camera? Oh my God!"
1289,127,3,Joey,"You're smart. I like that."
1288,127,2,Cynthia,"No, we just went out."
1287,127,1,Joey,"So you uh, still wondering?"
1286,127,0,Cynthia,"God, this was really fun! I've been wondering if you were going to ask me out."
1285,126,12,Rachel,"Now listen, look-look, I'm sorry if I gave you the wrong impression, but I am"
1284,126,11,Rachel,"All right, okay-okay, I see, I see what's going on here!"
1283,126,10,Rachel,"Wh-whoa!"
1282,126,9,"Mr. Zelner","Here let me"
1281,126,8,Rachel,"Excuse me?"
1280,126,7,"Mr. Zelner","Just ah"
1279,126,6,Rachel,"What?"
1278,126,5,"Mr. Zelner","Oh Rachel, uhh"
1277,126,4,Rachel,"Thank you."
1276,126,3,"Mr. Zelner","It's really nice to see you again."
1275,126,2,"Mr. Zelner","Come on in."
1274,126,1,Rachel,"Hi!"
1273,126,0,"Mr. Zelner","Hi Rachel!"
1272,125,10,Phoebe,"Yep. Put more gas in."
1271,125,9,Rachel,"So you know how to fix it?"
1270,125,8,Phoebe,"Yeah, this has happened before."
1269,125,7,Rachel,"What, what?s it, what?s going on?"
1268,125,6,Phoebe,"Okay.  Oh, no!"
1267,125,5,Chandler,"At least let me smoke it to the good part."
1266,125,4,Monica,"Chandler!!"
1265,125,3,All,"Oh, yeahhhhh!!!"
1264,125,2,Joey,"And there you go!"
1263,125,1,Chandler,"Okay, now let?s decide who has the nicest ass."
1262,125,0,Joey,"Hey!  Now, we're not actually gonna be sleeping in her, but do you mind?"
1261,124,9,Phoebe,"Then that?s not breaking the law! I?m there!"
1260,124,8,Ross,"Yeah."
1259,124,7,Phoebe,"Okay, now would you say that that?s more than 50 yards away from Sting, his wife, or a member of his family?"
1258,124,6,Monica,"Ooh, these tennis shoes are so tight. I think I?ll take them off."
1257,124,5,Chandler,"Carry on."
1256,124,4,Monica,"What?"
1255,124,3,Chandler,"Monica! Wait!"
1254,124,2,Monica,"Y?know what? I?m gonna make this up to you. I promised you a stripper , and you?re gonna get a stripper."
1253,124,1,Chandler,"Her ass print is still on your grandmother?s quilt, do you really want to talk about smoking?"
1252,124,0,Monica,"I swear I didn?t know she was a hooker! I mean wh?Did you let her smoke in here?"
1251,123,12,Phoebe,Secret
1250,123,11,Rachel,"Phoebe!"
1249,123,10,Joey,"And you, you?re the one having the affair with the guy who keeps the pigeons on the roof!"
1248,123,9,Joey,"Huh?"
1247,123,8,Joey,"You?re the one who?s in love with her assistant!"
1246,123,7,Joey,"Huh?"
1245,123,6,Joey,"Hey, don?t start judging me!"
1244,123,5,Rachel,"Fine."
1243,123,4,Phoebe,"Whatever."
1242,123,3,Joey,"Look, I?m sorry you guys, I-I just don?t think so."
1241,123,2,Rachel,"Yeah, maybe if you gave this girl a chance it would go somewhere."
1240,123,1,Phoebe,"Hey!"
1239,123,0,Ross,"Hi!"
1238,122,13,Chandler,"Yeah, can I get a 3-piece, some cole slaw, some beans, and a Coke-(Yelps in"
1237,122,12,Chandler,"Hey Joe!"
1236,122,11,Monica,"Chicken? I could eat some chicken."
1235,122,10,Chandler,"Are you okay? I'm so sorry, he wouldn't leave. He kept asking me about chicken."
1234,122,9,Joey,"All right!"
1233,122,8,Chandler,"For the last time no! Get out! Get out, Joey!"
1232,122,7,Joey,"You sure? Some extra crispy? Dirty rice? Beans?"
1231,122,6,Joey,"Okay."
1230,122,5,Chandler,"Ahh, no thanks. No chicken, bye-bye then."
1229,122,4,Joey,"Ahh, I'm gonna go get some chicken. Want some?"
1228,122,3,Chandler,"I've had a very long, hard day."
1227,122,2,Joey,"Hey, it's me! I'm comin' in!"
1226,122,1,Chandler,"Ehh, you're just liquored up."
1225,122,0,Monica,"You look cute in bubbles."
1224,121,11,Chandler,"Why?! I mean if this guy was"
1223,121,10,Monica,"Well, y'know I-I-I think I'm gonna respect the privacy of my new secret boyfriend."
1222,121,9,Rachel,"Chandler!  Is he?"
1221,121,8,Chandler,"If you're cooking on the stove, does that mean that your new secret boyfriend is better in bed than Richard?"
1220,121,7,Monica,"Sure!"
1219,121,6,Chandler,"Hey, Monica? Can I ask you a cooking question?"
1218,121,5,Phoebe,"'Cause I just gave birth to three children and I will not let them be raised in a world where Joey is right!"
1217,121,4,Phoebe,"I will find a selfless good deed!"
1216,121,3,Dave,"Yeah!"
1215,121,2,Rachel,"Yeah. Umm, unless you wanna come inside?"
1214,121,1,Dave,"Yeah, me too.  So, I guess this is it."
1213,121,0,Rachel,"Oh God, I really had a good time!"
1212,120,13,Ross,"Okay, talk to you later."
1211,120,12,Ross,"He?s smiling though!"
1210,120,11,Ross,"Oh, I guess he doesn?t feel like talking right now."
1209,120,10,Ross,"Ben, say hi to Aunt Monica."
1208,120,9,Monica,"Oh, put him on!"
1207,120,8,Ross,"Oh, I?m just over here with Ben. I thought we?d say hi."
1206,120,7,Monica,"What?s up?"
1205,120,6,Rachel,"Ooh, your brother. Score!"
1204,120,5,Ross,"O-okay, Rach calm-calm down, okay? She-she?s really upset we?re just talking."
1203,120,4,Ross,"Hello?"
1202,120,3,Jill,"Oh great!"
1201,120,2,Ross,"Uh okay, well there?s-there?s wine in the kitchen."
1200,120,1,Jill,"Yeah. Ooh, I know what this is missing! Alcohol!"
1199,120,0,Ross,"Slides are almost ready."
1198,119,10,"Guru Saj","Hmm, let me see. Let me see. Do you think you could get him to eat a bat?"
1197,119,9,Joey,"Is there something you can do?"
1196,119,8,Joey,"He?s got a, he?s got a really bad cough, and our vet, he can?t do anything about it."
1195,119,7,Joey,"Yeah, yeah."
1194,119,6,Monica,"I love spider burners."
1193,119,5,Monica,"Oh my God, look at these spider burners!"
1192,119,4,Monica,"I?d be cold, but I?m always cold."
1191,119,3,Monica,"I mean I could live in this thing!"
1190,119,2,Monica,"It?s gigantic!"
1189,119,1,Monica,"Wow, look at this refrigerator!"
1188,119,0,Monica,"I don?t believe this!"
1187,118,10,Kathy,"No."
1186,118,9,Chandler,"Bye.  Are you still out there?"
1185,118,8,Kathy,"Okay. Bye."
1184,118,7,Chandler,"I-I think we have too."
1183,118,6,Monica,"So, did you do it?"
1182,118,5,Phoebe,"Umm, the street. Come on, let?s go to the street. Ooh, listen, don?t go onto the balcony until after I get back."
1181,118,4,Monica,"What?!"
1180,118,3,Phoebe,"Ooh, y?know what, I think it?s time for puppy to go out again. Come on, let?s go to the balcony."
1179,118,2,Chandler,"Why is Phoebe singing to Carl Mulden?"
1178,118,1,Monica,"Hey!"
1177,118,0,Chandler,"Hi."
1176,117,13,Phoebe,"Oh, just go. You?re never gonna get it!"
1175,117,12,Monica,"Okay, does it involve something to do with Pete?s computer company?"
1174,117,11,Phoebe,"I, but you?re so close! No!"
1173,117,10,Monica,"Okay, I gotta go."
1172,117,9,Phoebe,"I can?t!!"
1171,117,8,Monica,"Okay, I feel like I?m talking to Lassie. All right, Phoebe would you just tell me!"
1170,117,7,Phoebe,"I don?t know!"
1169,117,6,Monica,"What is it?! What about Pete?"
1168,117,5,Phoebe,"No!"
1167,117,4,Monica,"Okay, so it doesn?t involve Ross or Rachel or Chandler or Joey. But, what about Pete?"
1166,117,3,Mark,"Wow. I?m sorry. Eggroll?"
1165,117,2,Rachel,"I told him he treats me like a park ranger, or something, oh and then I told him I wanted to take a break, I don?t want to take a break."
1164,117,1,Rachel,"I just, it was awful."
1163,117,0,Rachel,"Oh, and then, we got into this big, stupid fight."
1162,116,11,Joey,"Hey! I do too think about the consequences of my decisions!  What gives you the right to?  Go to hell!  Stupid guy on my phone."
1161,116,10,"Dr. Green","You have to think about the consequences of your decision."
1160,116,9,"Dr. Green","constantly thinking about things!"
1159,116,8,"Dr. Green","There are more important things in a marriage other than love!"
1158,116,7,"Dr. Green","What the hell does love have to do with it anyway?!"
1157,116,6,"Dr. Green","That?s unacceptable Rachel!"
1156,116,5,"Dr. Green","there?s gonna be a wedding!"
1155,116,4,Rachel,"Yes!  Bye daddy."
1154,116,3,Phoebe,"Wanna go see a movie?"
1153,116,2,Rachel,"About an hour ago."
1152,116,1,Phoebe,"Wow, you told your dad the truth."
1151,116,0,"Dr. Green","just because you?re not in love with the guy you can?t"
1150,115,13,"Mr. Geller","You stole my moves."
1149,115,12,Chandler,"Why?"
1148,115,11,Joey,"Well, that-that-that?s it? You?re gonna, you?re gonna put it on your shelf or anything?"
1147,115,10,"Jessica Ashley","Oh my God! I won! Do you have any idea what this means?!"
1146,115,9,Joey,"Uh listen, here?s your Soapie. I accepted it for ya."
1145,115,8,Rachel,"?Sup?"
1144,115,7,"Jessica Ashley","Hi."
1143,115,6,Joey,"Ah, this is my friend Rachel."
1142,115,5,Rachel,"Hey Jess."
1141,115,4,Joey,"Hey Jessica."
1140,115,3,"Jessica Ashley","Come in."
1139,115,2,Rachel,"Okay, I?m totally cool!"
1138,115,1,Joey,"Okay wait-wait p-please be cool! Okay? I work with this woman."
1137,115,0,Rachel,"I cannot believe I?m gonna meet Jessica Ashley!"
1136,114,12,Phoebe,"Who?s singing?"
1135,114,11,Gunther,"What does Rachel see in this guy? I love Rachel. I wish she was my wife."
1134,114,10,Chandler,"If I was a superhero who could fly"
1133,114,9,Monica,"Oh good, another dinosaur story. When are those gonna become extinct?"
1132,114,8,Rachel,"I love how he cares so much about stuff. If I squint I can pretend he?s Alan Alda."
1131,114,7,Ross,"So I told Carl, ?Nobody, no matter how famous their parents are, nobody is allowed to climb on the dinosaur.? But of course this went in one ear and out....."
1130,114,6,Janice,"Oh, I wish. Look, honey, you have that report to finish, and I gotta go see my lawyer."
1129,114,5,Chandler,"Hey, you know what, here's a thought. Why don't you stay home from work today and just hang out with me."
1128,114,4,Joey,"Good morning."
1127,114,3,Janice,"Monica and Rachel had syrup, now I can get my man to cheer up.  Good morning Joey."
1126,114,2,Chandler,"Yeah, like there's any way I could ever do that."
1125,114,1,Joey,"Morning, hey, you made pancakes?"
1124,114,0,Chandler,"Morning."
1123,113,11,Phoebe,"Just for the future, this is hardly a commercial for it."
1122,113,10,Rachel,"No. Why?"
1121,113,9,Phoebe,"Yeah, okay. Hey, wait. Do you know what kind of birth control she was using?"
1120,113,8,Rachel,"Okay?"
1119,113,7,Phoebe,"Right."
1118,113,6,Rachel,"Okay Phoebe, we cannot tell anyone about this."
1117,113,5,Phoebe,"Oh God, this is turning into the worst wedding day ever! The bride is pregnant. The groom is missing. And I?m still holding this."
1116,113,4,Rachel,"No, she had to have just taken that test because I took out the trash last night."
1115,113,3,Phoebe,"Hey, do you think this is why Chandler took off?"
1114,113,2,Rachel,"Oh my God!"
1113,113,1,Phoebe,"I know! Monica?s gonna have a baby! Hey, can this count as her something new?"
1112,113,0,Rachel,"Oh my God!"
1111,112,11,Phoebe,"That's too much. Sorry."
1110,112,10,Phoebe,"Mmmm hmmm."
1109,112,9,Stephanie,"Ok."
1108,112,8,Phoebe,"Ok, there is no top. That's the beauty of Smelly Cat. Um, why don't you just follow me?"
1107,112,7,Stephanie,"Yeah. From the top?"
1106,112,6,Phoebe,"You wanna try it again?"
1105,112,5,Stephanie,"Yeah."
1104,112,4,Phoebe,"Yeah, much better. And you know what, don't feel bad, because it's a hard song."
1103,112,3,Stephanie,"Yeah?"
1102,112,2,Phoebe,"Better. Yeah."
1101,112,1,Stephanie,"Smelly cat, smel-ly cat"
1100,112,0,Phoebe,"No, no, no. I'm sorry. It's """""
1099,111,12,Joey,"Ross! So when is it gonna air?"
1098,111,11,Director,"Now you guys dance over there, you guys over there, and I want you two right around here, and everyone else spread out."
1097,111,10,Director,"Uh, yeah."
1096,111,9,Ross,"Yeah, I have a question. When is this gonna air?"
1095,111,8,Director,"Here?s what?s gonna happen. The music?s gonna start, you?re gonna dance, we?re gonna tape, you don?t look at the camera. Any questions?"
1094,111,7,Ross,"?Scuse us"
1093,111,6,Director,"OK, everyone gather up."
1092,111,5,Ross,"Oh my God it?s just like I dreamed it!"
1091,111,4,Ross,"Got it!"
1090,111,3,Joey,"The important thing to remember ? stay cool."
1089,111,2,Joey,"It?s no big deal."
1088,111,1,Joey,"It?s a show, but we?re just dancing, OK?"
1087,111,0,Joey,"OK, listen I?ve been on sets before, so let me give you a little advice, alright?"
1086,110,9,Ginger,"Some day, maybe."
1085,110,8,Chandler,"You?re not, what do you, what do you got a bionic foot?"
1084,110,7,Ginger,"No, I?m not."
1083,110,6,Chandler,"No, really you?re gonna freeze."
1082,110,5,Ginger,"Oh, don?t worry about it."
1081,110,4,Chandler,"Yeah, we?re gonna have to get you out of those shoes."
1080,110,3,Ginger,"Oh damn, I hate that."
1079,110,2,Chandler,"Op, foot in a puddle, foot all in a puddle."
1078,110,1,Ginger,"Actually, me too."
1077,110,0,Chandler,"Well, that?s the best kiss I?ve had with anyone I?ve ever met in a men?s room."
1076,109,13,Monica,"That's Mindy? Wow, she is pretty.  Lucky. To have had a friend like you."
1075,109,12,Rachel,"Mindy, my maid of. Oh!"
1074,109,11,Monica,"And Mindy, your maid of...?"
1073,109,10,Rachel,"Barry who I almost."
1072,109,9,Monica,"Barry who you almost...?"
1071,109,8,Rachel,"Oh my God, it's Barry and Mindy!"
1070,109,7,Rachel,"Oh my God!"
1069,109,6,Rachel,"My mother sends me the engagement notices for 'inspiration.'"
1068,109,5,Rachel,"Country club newsletter."
1067,109,4,Monica,"What is it?"
1066,109,3,Rachel,"Oh. Right. ...Oh great."
1065,109,2,Monica,"Oh good! 'Cause where else would we get any?"
1064,109,1,Rachel,"Thank you.  Oh, cool! Free sample of coffee!"
1063,109,0,Monica,"Mail call, Rachel Green, bunk seven."
1062,108,10,Phoebe,"So what?s it gonna be?"
1061,108,9,Phoebe,"All right, if-if the most important thing on the planet to you is this cat poopy thing then, okay you can have Smelly Cat, but we won?t be partners."
1060,108,8,Phoebe,"Okay y'know what you have to choose."
1059,108,7,Leslie,"No, no, I don?t want to forget it."
1058,108,6,Phoebe,"And if I can?t trust you then just forget it."
1057,108,5,Phoebe,"God, y'know what, I think five years ago I probably would?ve done anything to play with you but, I can do it by myself."
1056,108,4,Phoebe,"No, look, I told you that I didn?t want you to try and sell it, and you just, you big fat did it anyway."
1055,108,3,Leslie,"I played Smelly Cat for the people at my old ad agency, they went nuts."
1054,108,2,Phoebe,"Okay, don?t give me a reason to get mad, okay"
1053,108,1,Leslie,"Come here, come here.  Okay, don?t get mad, okay."
1052,108,0,Phoebe,"Oh, I thought you weren?t coming. What? Where were you?"
1051,107,11,Chandler,"Oh dear God, what have I done!"
1050,107,10,Chandler,"The source of all my powers."
1049,107,9,Chandler,"Why didn?t I think of it?"
1048,107,8,Chandler,"That was an obvious joke, and I didn?t think of it."
1047,107,7,Monica,"Come on! Come on, I was kidding! It was such an obvious joke!"
1046,107,6,Rachel,"What?!!"
1045,107,5,Monica,"Wow! It?s like Rachel in High School."
1044,107,4,Chandler,"Oh yes! Just had me a little nubbin-ectomy. Yep! Two nipples, no waiting."
1043,107,3,Ross,"Is everything okay?"
1042,107,2,Chandler,"The doctor."
1041,107,1,Joey,"Where have you been?"
1040,107,0,Chandler,"Well hello!"
1039,106,11,Monica,"Oh, it was awful.  I guess some people just don't appreciate really good food."
1038,106,10,Joey,"Hey, how was your chef thing?"
1037,106,9,Monica,"Yeah. Umm, Chandler can I talk to you outside for a second?"
1036,106,8,Joey,"Hey, you're back too!"
1035,106,7,Monica,"Hi!"
1034,106,6,Chandler,"Uh, no, I got to see Donald Trump waiting for an elevator."
1033,106,5,Joey,"Oh, so your weekend was a total bust?"
1032,106,4,Chandler,"It was terrible. I fought with  my colleagues y'know, the entire time. Are you kidding with this? (Throws away another"
1031,106,3,Joey,"How was your conference?"
1030,106,2,Chandler,"Hey."
1029,106,1,Joey,"Hey, you're back!"
1028,106,0,Chandler,Damn
1027,105,11,Rachel,"Okay."
1026,105,10,Rachel,"You're not the guy that asked for the tea, are you?"
1025,105,9,Rachel,"Lemon Soother."
1024,105,8,Rachel,"We have: Earl Grey, English Breakfast, Cinnamon Stick, Camomile, Mint Medley, Blackberry, and.. oh, wait, there's one more, um.."
1023,105,7,Rachel,"Okay, okay, I checked."
1022,105,6,Rachel,"Well, what are you guys doing tomorrow night?"
1021,105,5,Monica,"But Phoebe, you can go out with a creepy guy any night of the year. I know I do."
1020,105,4,Phoebe,"'Cause he was creepy, and mean, and a little frightening... alright, still, it's nice to have a date on Valentine's Day!"
1019,105,3,Rachel,"No! Phoebes! Don't you remember why you dumped the guy?"
1018,105,2,Monica,"Roger wants to take her out tomorrow night."
1017,105,1,Rachel,"Do what, do what?"
1016,105,0,Monica,"You can not do this."
1015,104,11,Joey,"You?re right! That did cheer me up!"
1014,104,10,Ross,"I?m giving this lecture on erosion theories tomorrow night, I think you should come."
1013,104,9,Joey,"What?"
1012,104,8,Ross,"Y?know what would cheer you up?"
1011,104,7,Joey,"Yeah! Yeah. I?ll be all right."
1010,104,6,Chandler,"You okay?"
1009,104,5,Joey,"Well, when it?s not right, you know it."
1008,104,4,Monica,"I cannot believe you broke up with her just like that."
1007,104,3,Joey,"Pretty much, yeah."
1006,104,2,Chandler,"Hey so, did uh, did she move out?"
1005,104,1,Joey,"How ya doin??"
1004,104,0,Ross,"Hey!"
1003,103,9,Ross,"Um... uh.... vulva."
1002,103,8,Celia,"What?"
1001,103,7,Ross,"Er.... um....."
1000,103,6,Celia,"Say something....."
999,103,5,Ross,"Ah...."
998,103,4,Celia,"Yes..."
997,103,3,Ross,"Wha... what, here?"
996,103,2,Celia,"No no no. Talk... dirty."
995,103,1,Ross,"OK.... um, a weird thing happened to me on the train this morning..."
994,103,0,Celia,"Talk to me."
993,102,13,Chandler,"Picking Rachel."
992,102,12,Monica,"Do you know what?s a bad idea?"
991,102,11,Chandler,"Yeah!"
990,102,10,Monica,"That?s a good idea."
989,102,9,Chandler,"And document the date and time of every single one of my jokes."
988,102,8,Chandler,"Y?know?"
987,102,7,Chandler,"I?m going to get a joke journal."
986,102,6,Chandler,"You know what?"
985,102,5,Chandler,"He stole my joke."
984,102,4,Chandler,"Ross, and you know what else Ross did?"
983,102,3,Chandler,"You know who else picked Rachel?"
982,102,2,Monica,"It?s wrong. You know what else is wrong? Phoebe picking Rachel."
981,102,1,Chandler,"He took my joke, he took it."
980,102,0,Monica,"She picked Rachel. I mean, she tried to back out of it, but it was obvious. She picked Rachel."
979,101,11,Tag,"Thank you."
978,101,10,Rachel,"You can go."
977,101,9,Tag,"Oh."
976,101,8,Rachel,"I?m having a baby."
975,101,7,Tag,"Come on Rach, let?s give it another try."
974,101,6,Rachel,Tag
973,101,5,Tag,"I?m ready for more."
972,101,4,Ross,"Oh. Oh, that?s right. So-so you did see me that day, because it seemed like you didn?t."
971,101,3,Cassie,"It?s been so long! Last time I saw you, you were setting up your tent in line to see"
970,101,2,Ross,"Hey!"
969,101,1,Cassie,"Hey Ross!"
968,101,0,Ross,"Cassie?!"
967,100,13,Phoebe,"Really?!"
966,100,12,Melissa,"Oh wow, Ray-ray I have no idea what you?re talking about."
965,100,11,Rachel,"we went back to the house and we got really silly and we?we made out."
964,100,10,Melissa,"Yeah?"
963,100,9,Rachel,"Remember?! We?come on, we both had the sarongs on, and we had the-the coconut bikini tops"
962,100,8,Melissa,"What?"
961,100,7,Rachel,"I was uh, tellin? Phoebe about that one crazy night after the Sigma Chi luau where you and I uh, we made out."
960,100,6,Rachel,"Anyway, speaking of drinking too much."
959,100,5,Melissa,"Oh, isn?t a shame when one girl ruins it for the whole bunch?"
958,100,4,Phoebe,"Yeah! Y?know, we were really huge too, but then they had to shut us down when Regina Philange died of alcohol poisoning."
957,100,3,Melissa,"What one?"
956,100,2,Phoebe,"Of course! Yeah, I was uh, umm Thigh Mega Tampon."
955,100,1,Melissa,"Hmm Phoebe, were you ever in a sorority?"
954,100,0,Richard,"Hey Joey, could you uh, go through these lines with me?"
953,99,13,Chandler,"Oh my God!!"
952,99,12,Joey,"Whoa-whoa, that-that was just a theory! There?s a lot of theories that didn?t pan out. The lone gunman. Communism. Geometry."
951,99,11,Chandler,"That?s not backing me up! Look, you said with the off-stage and the heat, and the onstage and the oy heat."
950,99,10,Ross,"That?s all you?re basing this on?"
949,99,9,Chandler,"She did not have to tell me, I saw the play, and there was no heat. Back me up here, Ross!"
948,99,8,Joey,"Dude, tell me she actually told you this."
947,99,7,Chandler,"Well y'know, what if she didn?t actually sleep with the guy?"
946,99,6,Ross,"How might you be wrong?"
945,99,5,Chandler,"Well, yeah, but y'know, what-what if I was wrong?"
944,99,4,Ross,"He?s right, what she did was unforgivable."
943,99,3,Joey,"No! Forget her, man! You don?t need her, you don?t need that!"
942,99,2,Chandler,"All right, maybe I should call her."
941,99,1,Phoebe,"No, sorry."
940,99,0,Chandler,"Did she call?"
939,98,11,Ross,"Imagine his consternation when? Oh bloody hell."
938,98,10,Ross,"What he believed to be igneous, was in fact sedimentary."
937,98,9,Ross,"So when Rigby got his samples back from the laboratory he made a startling discovery!"
936,98,8,Ross,"Right!"
935,98,7,Rachel,"Wow, we really are bitches."
934,98,6,Rachel,"Hey sisters!"
933,98,5,Rachel,"I was a Kappa."
932,98,4,Rachel,"There?s some Kappa Kappa Deltas!"
931,98,3,Rachel,"Oh hey look!"
930,98,2,Rachel,"Yeah, we could."
929,98,1,Monica,"Yeah, but y?know we could sneak in and watch."
928,98,0,Rachel,"Well, we?re a little early, the lecture doesn?t end for 15 minutes."
927,97,10,Chandler,"BEND OVER?!!!"
926,97,9,Joey,"I was tryin? to make a sale!! Oh, man, if I ever run into that guy again, do you know what I?m gonna do?"
925,97,8,Chandler,"So?You got in"
924,97,7,Joey,"Well, this guy came by to look at the unit and-and he said he didn?t think big enough to fit a grown man!"
923,97,6,Chandler,"What the hell happened?!! How were you locked in?!! And where the hell is all of our stuff?!!"
922,97,5,Joey,"Awww, man! He promised he wouldn?t take the chairs!!"
921,97,4,Chandler,"What happened?!!"
920,97,3,Joey,"Yeah..."
919,97,2,Chandler,"Are you all right?!"
918,97,1,Joey,"WHAT?!!"
917,97,0,Chandler,"OH MY GOD!!!"
916,96,13,Phoebe,"Love it!"
915,96,12,Monica,"I paid to have this done."
914,96,11,Phoebe,"That?s fair! Thank you so much. Thanks. Oops, it looks like when he got the pastry chef he got you a little bit too."
913,96,10,Monica,"All right, but if-if he lights someone else on fire he is out of there!"
912,96,9,Phoebe,"But Monica, he loves his job so much! Can you just give him another chance? Please?"
911,96,8,Monica,"Well, now she has no eyebrows, mission accomplished."
910,96,7,Phoebe,"And besides I?ve met your pastry chef and she can stand to be taken down a peg or two."
909,96,6,Phoebe,"Well maybe he was just nervous, y?know you can be very intimidating."
908,96,5,Monica,"Because he?s terrible! Okay, he?s slow, he burns things, last night he lit my pastry chef on fire!"
907,96,4,Phoebe,"But why?!"
906,96,3,Monica,"I?I have to fire him."
905,96,2,Phoebe,"Oh my God! I had the"
904,96,1,Monica,"Hi!"
903,96,0,Phoebe,"Ooh Monica!"
902,95,11,Chandler,"Yeah!"
901,95,10,Monica,"Chandler?"
900,95,9,Chandler,"Look down , look down, look down"
899,95,8,Chandler,"Okay, see?"
898,95,7,Chandler,"I don?t know, but don?t worry, don?t worry, because I know how to take a picture now."
897,95,6,Monica,"Chandler, what were you thinking?"
896,95,5,Chandler,"Yeah, and then I fell asleep on the subway and went all the way to Brooklyn. Brooklyn is f-far!!"
895,95,4,Monica,"What?!"
894,95,3,Chandler,"Yeah, Joey said I uh, I needed to relax so he gave me an antihistamine."
893,95,2,Monica,"Are you okay?"
892,95,1,Chandler,"There I am!"
891,95,0,Monica,"Hey! There you are!"
890,94,9,Phoebe,"Not if I get there first."
889,94,8,Joey,"Ugh. Now if a cow should die of natural causes, I can have one of those right?"
888,94,7,Phoebe,"Six months."
887,94,6,Joey,"Oh mama! Uh when-when is the baby due?"
886,94,5,Phoebe,"Okay."
885,94,4,Joey,"Ooh, I was gonna say bologna, but that?s much better. How about a little of that smoked turkey?"
884,94,3,Phoebe,"Hm-mm, corn beef."
883,94,2,Joey,"Oh-ho-ho, yeah! Hey! Y?know what goes good with that?"
882,94,1,Phoebe,"Pastrami."
881,94,0,Joey,"Oooh, what you got there?"
880,93,11,Ross,"I hate Chandler, the bastard ruined my life."
879,93,10,Ross,"No, no it's, um, it's not you, um, it's um, it's"
878,93,9,Rachel,"What?"
877,93,8,Rachel,"What?"
876,93,7,Rachel,"Did you just picture it differently?"
875,93,6,Rachel,"What?"
874,93,5,Rachel,"Did I get the hair wrong?"
873,93,4,Rachel,"Did I get it wrong?"
872,93,3,Rachel,"Honey, what is it?"
871,93,2,Rachel,"What?"
870,93,1,Rachel,"I'm Jabba's prisoner, and you have a really weird look on your face."
869,93,0,Rachel,"Okay, here we go."
868,92,9,Richard,"Exactly."
867,92,8,Monica,"?Cause if you do that means you?d be cancelling it for me, and we?re just friends."
866,92,7,Richard,"Okay."
865,92,6,Monica,"No!  No!"
864,92,5,Richard,"You want me to cancel it?"
863,92,4,Monica,"Oh."
862,92,3,Richard,"Just your dad.  Although that?s actually racquetball. You know I-I do have a blind date with my sister?s neighbour next Tuesday."
861,92,2,Monica,"Sounds smart and healthy to me. So um, just out of curiosity, um, do you currently have any other racquetball buddies?"
860,92,1,Richard,"Absolutely, this will just be something we do, like racquetball."
859,92,0,Monica,"So we can be friends who sleep together."
858,91,11,Ross,"You're right!"
857,91,10,Rachel,"I bet 20."
856,91,9,Ross,"Oohh, 23.  Which is what we play to at this casino! You win 10 dollars!"
855,91,8,Rachel,"Hit me!"
854,91,7,Ross,13
853,91,6,Ross,"Here we go."
852,91,5,Ross,"All right, come on, come on, we'll play some blackjack."
851,91,4,Ross,"We can bring Vegas up to us!"
850,91,3,Ross,"We don?t have to go downstairs!"
849,91,2,Ross,"Y'know what?"
848,91,1,Ross,"All right."
847,91,0,Rachel,"Oh my God, I'm starting to look like my great aunt, Muriel."
846,90,11,Phoebe,"Okay, let's get some perspective people; it's not like I'm wearing a seeing-eye dog coat!"
845,90,10,Ross,"Okay. Thanks you guys. Pheebs are you wearing fur?"
844,90,9,Monica,"Why don't you come over tonight? And I'll make you favorite dinner."
843,90,8,Phoebe,"Yes! Exactly! And that's why"
842,90,7,Ross,"Look, this is hard enough! I really need you guys right now."
841,90,6,Phoebe,"Okay,"
840,90,5,Monica,"Whatever you decide, whatever you do."
839,90,4,Joey,"Look, we were"
838,90,3,Phoebe,"You're kinda stepping on the song."
837,90,2,Chandler,"Yeah, we are so sorry."
836,90,1,Joey,"Look, Ross, I feel really bad. I mean, you're going through all this stuff and I just acted like a jerk."
835,90,0,Ross,"Y'know what? I'm really not in the mood."
834,89,10,Rachel,"Yeah! Yeah. They?re?they?re-they?re my friends, uh, Monica Stephanopolus and uh, and Chandler Acidofolus."
833,89,9,"The Rabbi","I don?t know. Are they Greek Orthodox?"
832,89,8,Rachel,"Can you do that?"
831,89,7,Rachel,"Listen umm, I need you to perform another wedding."
830,89,6,Rachel,"Oh, great hat."
829,89,5,Rachel,"Hi!"
828,89,4,Rachel,"Mazel Tov!"
827,89,3,Rachel,"Congratulations."
826,89,2,Rachel,"Luckily for me, they were written on a sign.}"
825,89,1,Rachel,"{It?s a good thing Jennifer Aniston is Greek, because she had to pronounce those names."
824,89,0,Rachel,"Anastassakis/Papasifakis wedding, excellent!"
823,88,10,"Mr. Heckles","You owe me a cat."
822,88,9,Phoebe,"Oooh! You are a very bad man!"
821,88,8,"Mr. Heckles","Mmm. Bob Buttons. Here, Bob Buttons."
820,88,7,Rachel,"Bob Buttons?"
819,88,6,"Mr. Heckles","Ehhhh... B-Buttons."
818,88,5,Phoebe,"Wait a minute. What's his name?"
817,88,4,"Mr. Heckles","Yeah, it's my cat. Give me my cat."
816,88,3,Phoebe,"He seems to hate you. Are you sure?"
815,88,2,"Mr. Heckles","Er, yeah, it's mine."
814,88,1,Rachel,"Oh.  Hi. We just found this cat and we're looking for the owner."
813,88,0,Phoebe,"Oh no, the Mendels, they hate all living things, right?"
812,87,10,Joey,"Yeah, I?  I don?t want Stevie to see her like this."
811,87,9,Rachel,"Okay? You ready?"
810,87,8,Joey,"That?s true."
809,87,7,Rachel,"But don?t you think Rosita would?ve wanted you to move on? I mean y?know, she did always put?your comfort first."
808,87,6,Joey,"She?s not even cold yet!"
807,87,5,Rachel,"We?ll go down to the store right now and we?ll-we?ll get you a new chair."
806,87,4,Rachel,"All right?"
805,87,3,Rachel,"Okay, come on?Joey, I?ll buy you a new one!"
804,87,2,Joey,"Rach, how would you feel if say, I wanted to move your mom, and you said don?t, and I did it anyway and her"
803,87,1,Joey,"I told you not to move it!"
802,87,0,Rachel,"Joey, Joey I am so sorry."
801,86,9,Rachel,"Nope!"
800,86,8,Ross,"Really like those Macadamia nuts, huh?"
799,86,7,Rachel,"Hm-mmm!"
798,86,6,Ross,"Umm? Wow! That's-that's some pricey nut!"
797,86,5,Rachel,"Macadamia nut?"
796,86,4,Ross,"That is, one big drink!"
795,86,3,Ross,"Because it's all on me!"
794,86,2,Ross,"But who cares?!"
793,86,1,Ross,"Oh, hey y'know, they-they really overcharge you for that stuff."
792,86,0,Rachel,"Okay, I need a, I need a drink!"
791,85,10,Phoebe,"Shut it down."
790,85,9,Larry,"This does."
789,85,8,Phoebe,"You have the power to do that?"
788,85,7,Larry,"Just walking past the kitchen I saw 10 violations! I'm shutting this place down!"
787,85,6,Phoebe,"Why?!"
786,85,5,Larry,"We're outta here!"
785,85,4,Phoebe,"You are just nonstop!"
784,85,3,Larry,"Oh, will you mind if I wash up? Because I came straight from work and who knows where these babies  have been."
783,85,2,Phoebe,"Shiny."
782,85,1,Phoebe,"Show me the badge again."
781,85,0,Larry,"You look beautiful this evening."
780,84,13,Phoebe,"You guys. You suck too."
779,84,12,Rachel,"Yeah, Phoebe you?re? awful!"
778,84,11,Monica,"Okay. Umm, Phoebe, you suck too."
777,84,10,Phoebe,"Oh my God, he?s not even appreciated in his own time. I would give anything to not be appreciated in my own time!"
776,84,9,Rachel,"Phoebe, the place has emptied because of him."
775,84,8,Monica,"Phoebe, Ross sucks!"
774,84,7,Phoebe,"I can?t follow Ross! It?d be like those bicycle ridding chimps that followed"
773,84,6,Rachel,"Why not?"
772,84,5,Phoebe,"Oh no, I?m not playing tonight."
771,84,4,Monica,"Hey, aren?t you up next?"
770,84,3,Ross,"Thank you guys-guys-guys"
769,84,2,Phoebe,"It?s so inspired! Look at him! Look at him go!"
768,84,1,Monica,"Y'know, there?s a"
767,84,0,Ross,"Electrifying.  Emphatic time-time-time"
766,83,12,Chandler,"Hmm, let?s see if it comes up this time."
765,83,11,Ross,"No."
764,83,10,Chandler,"Okay! Now I assume the Saucer card came up when you played last."
763,83,9,Ross,"But I should warn you, I am"
762,83,8,Ross,"Now, if you wanna try to make some of it back, I?d be glad to play you for it."
761,83,7,Chandler,"At a fake game!!"
760,83,6,Chandler,"Okay."
759,83,5,Monica,"Stop it!! That?s not funny!!"
758,83,4,Chandler,"They didn?t add the second cous until 1979."""""
757,83,3,Chandler,"""""Here?s some little known facts about cous-cous."
756,83,2,Chandler,"Well, I could make it seem like he?s here."
755,83,1,Monica,"Yeah, me too."
754,83,0,Chandler,"I?m sorry you?re here with me instead of Roger."
753,82,10,Phoebe,"This is fashion?!  Okay, so to you,"
752,82,9,Rachel,"Not nature,"
751,82,8,Rachel,"Uhh, Phoebe, honey, honey, I know you're quirky and I get a big kick out of it, we all do actually, but if you destroy a coat like this that is like a crime against nature!"
750,82,7,Rachel,"What?"
749,82,6,Monica,"Don't get too attached, she's having it cremated."
748,82,5,Rachel,"Oh my God! Oh my God, look at these pelts!"
747,82,4,Phoebe,"He says, that he would cremate my fur coat for free if I umm, y'know, bring in the next person I know who dies."
746,82,3,Monica,"Crematorium Chris? Sure!"
745,82,2,Phoebe,"So listen, you know my friend Chris who owns the crematorium?"
744,82,1,Monica,"Hey!"
743,82,0,Phoebe,"Hey!"
742,81,10,Carol,"Not her."
741,81,9,Carol,"All you need is a woman who likes men and you'll be set."
740,81,8,Rachel,"There. Now there is."
739,81,7,Joey,"Ooh ooh ooh ooh, there's no room for milk!"
738,81,6,Rachel,"Okay, here we go..."
737,81,5,Chandler,"I happen to know a Fun Bob."
736,81,4,Joey,"You know more than one Fun Bobby?"
735,81,3,Monica,"Yeah."
734,81,2,Chandler,"Fun Bobby? Your ex-boyfriend Fun Bobby?"
733,81,1,Monica,"I'm sorry, okay. It's just that Chandler has somebody, and Phoebe has somebody- I thought I'd ask Fun Bobby."
732,81,0,Ross,"So tell me something. What does the phrase 'no date pact' mean to you?"
731,80,13,Phoebe,"I know it's le poo right now, but it'll get better."
730,80,12,Rachel,"It's Le Poo."
729,80,11,Monica,"Sweetie, we heard you crying. Please don't cry."
728,80,10,Rachel,"Oh God, it says he was hit by an ice cream truck and dragged for nine--teen blocks. Oh.  Oh my God."
727,80,9,Ross,"Le Poo's still alive?!"
726,80,8,Rachel,"Oh my God, Le Poo, our dog!"
725,80,7,Ross,"What?!"
724,80,6,Rachel,"Oh my God! My dog died!"
723,80,5,Ross,"Anyway it-it kinda-it all boils down to this, the last time I talked to Emily"
722,80,4,Chandler,"And condoms are the way to do that?"
721,80,3,Joey,"You don't know how long we're gonna be in here!"
720,80,2,Chandler,"Condoms?"
719,80,1,Phoebe,"Ooh,"
718,80,0,Monica,"Ooh, candy bars, crossword puzzles"
717,79,10,Joey,"Yeah, what's up with that Serpico?"
716,79,9,Chandler,"Look at Officer Ross riding back here with the visitors."
715,79,8,Ross,"Sorry! Sorry! Oh,  there!  Hey Gary, who am I? Phone home!"
714,79,7,Gary,"Ross!"
713,79,6,Ross,"Yeah, no problem."
712,79,5,Gary,"Hey, do you mind? We're under cover here."
711,79,4,Ross,"Umm, jealous!"
710,79,3,Chandler,"Y'know, when you say partner it doesn't sound cop. It, it sounds gay."
709,79,2,"Casting Director #1","Hold it. I?m sorry, the surprise is a new swing set, if you could play it a little less?intense?"
708,79,1,Joey,"Okay. """"Hey, Timmy, I?ve got a surprise for you."""""
707,79,0,"Casting Director #1","Whenever you?re ready."
706,78,12,Rachel,"No, just singing."
705,78,11,Ross,"Did you say something?"
704,78,10,Rachel,"Hang in there. You hang in there."
703,78,9,Ross,"Yeah, all right, it?s a date."
702,78,8,Rachel,"That would be great!"
701,78,7,Ross,"Say, Sunday night?"
700,78,6,Ross,"Uh, in fact Emily?s coming into town this weekend, why don?t you say we all have dinner?"
699,78,5,Ross,"If like the four of us could all y?know, hang out together."
698,78,4,Rachel,"Oh yeah, no, what?s that?"
697,78,3,Ross,"Hey, y?know, y?know what would make me really happy?"
696,78,2,Rachel,"Oh yeah? Fine."
695,78,1,Rachel,"Um-hmm.  There we go. There it is."
694,78,0,Joshua,"So, these will match the jacket you picked out for me last week?"
693,77,13,Chandler,"Ross, just for my own piece of mind, you?re not married to anymore of us are ya?"
692,77,12,Phoebe,"Another lie. You have a sickness!"
691,77,11,Ross,"Phoebe, I told her you already knew."
690,77,10,Phoebe,"Okay,"
689,77,9,Ross,"Rach, come on, if you think about it, it?s actually kinda funny.  Okay, maybe it?s best not to think about it."
688,77,8,Chandler,"Okay, let me just jump in and ask, at what point did you think this was a successful marriage?"
687,77,7,Ross,"Okay, maybe it wasn?t my best decision. But I just couldn?t face another failed marriage."
686,77,6,Monica,"Ross!"
685,77,5,Phoebe,"Oh my God!!"
684,77,4,Monica,"You?re kidding!"
683,77,3,Chandler,"What?"
682,77,2,Rachel,"When?! After the birth of our first secret child?!  Ross didn?t get the annulment; we are still married."
681,77,1,Ross,"Look I was going to tell you!"
680,77,0,Rachel,"I cannot believe that you didn?t tell me that we are still married!!"
679,76,13,Chandler,"Hey, what do I know? I wanted to get a bigger gorilla."
678,76,12,Joey,"See this is what I was afraid of, I didnt think I should be  here either but somebody  said hed be over it by now."
677,76,11,Rachel,"Yeah, Im not so sure you should be here when he comes up."
676,76,10,Joey,"Thats not fair! I cant do that."
675,76,9,Rachel,"Well, you more then me, but he cant stay to mad at me. I  mean, I just had his baby."
674,76,8,Joey,"Is he still mad at us?"
673,76,7,Rachel,"Hes downstairs getting the rest of the stuff out of the  cab."
672,76,6,Joey,"Hey so wheres Ross?"
671,76,5,Rachel,"What are people think  Oh you guys I love it."
670,76,4,Rachel,"Oh my gosh theres  something every mother needs, a giant stuffed gorilla that takes up the entire  apartment!"
669,76,3,Rachel,"Oh Ah!"
668,76,2,Phoebe,"Look at all the stuff people sent!"
667,76,1,Rachel,"Oh you guys thanks for doing this."
666,76,0,Monica,"Phoebe did the signs!"
665,75,9,Chandler,"Actually, it?s Miss Chinandolor Bong."
664,75,8,Monica,"I knew that! Rachel! Use you?re head!"
663,75,7,Ross,"I?m afraid the TV Guide comes to Chinandolor Bong."
662,75,6,Monica,"No!!"
661,75,5,Rachel,"Chandler gets it! It?s Chandler Bing!"
660,75,4,Ross,"Every week, the TV Guide comes to Chandler and Joey?s apartment. What name appears on the address label?"
659,75,3,Rachel,"We?ll take Literature!!"
658,75,2,Chandler,"Nice shooting!"
657,75,1,Ross,"Althea is correct."
656,75,0,Chandler,"You're shooting with Althea?!"
655,74,9,Joey,"Yeah, but it's not gonna last. She's too much for me in bed. Sexually."
654,74,8,Bob,"Monica, Monica is great."
653,74,7,Joey,"Oh, yeah, yeah, listen for it."
652,74,6,Bob,"Huh, I never really noticed."
651,74,5,Joey,"Like a happy little squirrel, or a weasel."
650,74,4,Joey,"That cute nibbly noise when she eats."
649,74,3,Joey,"You know what I miss the most about her?"
648,74,2,Joey,"You're a lucky man."
647,74,1,All,"Hey!"
646,74,0,Ross,"Look at it this way:"
645,73,13,Chandler,"That?s correct."
644,73,12,Monica,"The second sister dies in"
643,73,11,Chandler,"No. No, I-I was, I was talking about the book I was reading."
642,73,10,Monica,"The second sister dies?!"
641,73,9,Chandler,"Okay, so how bummed were you when the second sister died huh?"
640,73,8,Monica,"Okay that does sound like fun."
639,73,7,Chandler,"It?d be fun!"
638,73,6,Chandler,"We can just like talk to each other all night long, y?know like we did when we were first going out."
637,73,5,Chandler,"Y?know, now that we are up?"
636,73,4,Chandler,"Hey, y?know what we can do?"
635,73,3,Monica,"Here, let me make the milk, I?m up anyway."
634,73,2,Chandler,"It got interesting! Damn you Oprah!"
633,73,1,Monica,"With a wok?  I thought you were going to read my boring book to put you asleep."
632,73,0,Chandler,"Shhhhhhhhh!!!  I?m sorry, I thought maybe I?d make some warm milk and it would help me sleep."
631,72,10,Monica,"No, she's out shopping."
630,72,9,Ross,"Is Rachel here? I gotta talk to her."
629,72,8,Monica,"Hey."
628,72,7,Joey,"Hey!"
627,72,6,Ross,"Hey."
626,72,5,Chandler,"It's a real conference."
625,72,4,Chandler,"Do you want people to think it's a fake conference?"
624,72,3,Chandler,"I'm not in charge of where the conference is held."
623,72,2,Monica,"Oh now that-that-that's funny, it seems like Chandler's conference could've been in Connecticut or Vermont."
622,72,1,Phoebe,"Oh weird, Chandler just told us he's got a conference there!"
621,72,0,Monica,"Hey, guess what I'm doing this weekend! I'm going to this culinary fair in New Jersey."
620,71,10,Monica,"Yeah, I knew."
619,71,9,Phoebe,"Yeah, but you kinda knew that something was going on, didn't you?"
618,71,8,Monica,"Hey! I didn't know either."
617,71,7,Phoebe,"I've had that dog there for three days and Chandler had no idea. He's not so smart."
616,71,6,Monica,"That's not gonna work."
615,71,5,Phoebe,"You know if you want, we can sneak the dog back in and Chandler wouldn't even know."
614,71,4,Monica,"Oh my god! Did you hear that? She said Monica!  Oooh, I can't leave her!"
613,71,3,Phoebe,"Yeah, okay."
612,71,2,Monica,"Stop it. Stop! Okay let's go. We can be strong."
611,71,1,Phoebe,"Please don't leave me, I'll be lonely."
610,71,0,Monica,"Okay Phoebe, we should probably go back now."
609,70,11,Chandler,"If I broke up with you, I?d miss you."
608,70,10,Ross,"Then be supportive like a guy."
607,70,9,Chandler,"It?s possible. You are very loveable, I?d miss you if I broke up with you.  I was just trying to be supportive."
606,70,8,Ross,"Well, maybe the crazy fog has lifted and she realises that life without me.... a-sucks."
605,70,7,Joey,"Wow, what-what do you think she wants?"
604,70,6,Ross,"So Rachel called. Wants to see me. Going over in a minute."
603,70,5,"Chandler and Joey","Hey!"
602,70,4,Ross,"Hello."
601,70,3,Joey,"Okay, and whenever I can?t do it, they?re all like-like laughing at me."
600,70,2,Joey,"She told everyone in the company about that info-mercial, and now they all keep asking me to open their drinks."
599,70,1,Joey,"I hate her!"
598,70,0,Joey,"I hate this woman!!"
597,69,10,Chandler,"Oh, yeah! RACHEL TALKS TOO!"
596,69,9,Monica,"OH!"
595,69,8,Chandler,"Yeah, ok. I'm sure that doctor's office can't be worst than    on a class trip to the Hershey's factory!"
594,69,7,Monica,"Look, I don't wanna do this test either, but I really do think    it's a good idea!"
593,69,6,Chandler,"I cannot believe Ross told you that!     And in my defense, it was a Wendy's!"
592,69,5,Monica,"It's not ok to do it in a doctor's office but it is ok to do    it in a parked car behind a Taco Bell?"
591,69,4,Chandler,"It's weird! In a doctor's office?"
590,69,3,Monica,"What is the big deal?"
589,69,2,Monica,"Which?"
588,69,1,Joey,"Yep."
587,69,0,Monica,"Thank you. So what does this Bob guy look like? Is he tall? Short?"
586,68,9,Monica,"Are you kidding?! I get a"
585,68,8,Rachel,"Oh yeah, Joey broke it. Had to get rid of it."
584,68,7,Monica,"Do you guys know what happened to Chandler?s barcalounger?"
583,68,6,Joey,"Hey!"
582,68,5,Rachel,"Hey!"
581,68,4,Monica,"Hey guys!"
580,68,3,Rachel,"Uh-huh."
579,68,2,Joey,"Ahhh??  Eh?"
578,68,1,Rachel,"Ahhhh?."
577,68,0,Joey,"Oh yeah."
576,67,10,Monica,"Oh my God! Chandler!"
575,67,9,Phoebe,"Monica, you might want to remember that you are married. Where"
574,67,8,Monica,"Oh my God, can you believe we are surrounded by all    this? I can barely control myself."
573,67,7,Phoebe,"Hey!"
572,67,6,Monica,"Oh yeah that's what you want - my inhibitions lowered."
571,67,5,Joey,"you have to calm down, alright...    go, go get yourself a drink or something..."
570,67,4,Joey,"Hey, that's why I didn't invite you."
569,67,3,Monica,"I love you!"
568,67,2,"Kyle Lowder","Hi."
567,67,1,Monica,"Oh my God! Kyle Lowder!"
566,67,0,Joey,"Hey! Hey alright! Hey, glad you could make it     Thanks for coming."
565,66,9,Joey,"I mean I know she turned me down, but if she hadn?t and wanted to be with me, I would take her in my arms and?  I haven?t bummed you guys out like this in a while have I?"
564,66,8,Joey,"I mean seriously, she?s like the perfect woman."
563,66,7,Phoebe,"I know!"
562,66,6,Joey,"God. He?s crazy! Why doesn?t he want to be with Rachel?"
561,66,5,Phoebe,"Right. And with who again?"
560,66,4,Ross,"Okay, stop it! I can?t deal with this right now. I have to go have a baby."
559,66,3,Phoebe,"But y?know what? It just seems that you two belong together."
558,66,2,Ross,"Are you kidding? Look, we?re not gonna be together just because we?re having a baby. Okay?"
557,66,1,Phoebe,"Yeah.  Why aren?t you with Rachel?"
556,66,0,Ross,"she came and dragged me out of the labor room to ask me why I?m not with Rachel."
555,65,11,Ross,"Oh, I?m sorry you?ve been Bamboozled! You?re gonna be a terrible mother!  I?ve lost sight of why we?re doing this!"
554,65,10,Rachel,"A card! A card! I pick a card!"
553,65,9,Ross,"Excellent! Excellent, now-now do you want another question or a Wicked Wango card?"
552,65,8,Rachel,"Check if it?s wet, check if it?s hungry, burp it!"
551,65,7,Ross,"That?s correct! This is an audio question, what do you do when the baby makes this sound?"
550,65,6,Rachel,"Full, dry, on its back, and no loose covers."
549,65,5,Ross,"Excellent! How do you put a baby down for a nap?"
548,65,4,Rachel,"Uh, put your elbow in it."
547,65,3,Ross,"All right then.  Rachel Green! Let?s play Bamboozled!  How do you test the temperature of the baby?s bath water?"
546,65,2,Rachel,"Yes, I?ve done my studying and I really know my stuff."
545,65,1,Ross,"You sure?"
544,65,0,Rachel,"Okay! I?m ready."
543,64,9,Monica,"Come on sweetie, I just want this weekend to be perfect, I mean we can change rooms, can't we?"
542,64,8,Monica,"I mean, if they didn't change the glasses, who knows what else they didn't change."
541,64,7,Monica,"No, they gave us glasses with lipstick on them!"
540,64,6,Chandler,"Oh dear God, they gave us glasses!"
539,64,5,Monica,"We're switching rooms."
538,64,4,Chandler,"Oh yes! Monica, get in here! There's a high-speed car chase on!"
537,64,3,Monica,"Come here.  Okay, be right back."
536,64,2,Chandler,"Oh, you should live with Joey,"
535,64,1,Monica,"Ooh, chocolates on the pillows! I love that!"
534,64,0,Chandler,"I can't believe it! We're here!"
533,63,9,Joey,"Come on."
532,63,8,Joey,"Okay, moving right along."
531,63,7,Joey,"Ross is one of our most important scientists, look at him, hard at work."
530,63,6,Joey,"Everyone wave ?Hi? to Ross."
529,63,5,Joey,"Uhh, and over here we have Ross Geller."
528,63,4,Joey,"Right down here,  we have a large foot."
527,63,3,Joey,"This is a museum, no talking."
526,63,2,Joey,"Shhh!"
525,63,1,"Smart Kid","Isn?t the Mastodon from the Pliocene Epic?"
524,63,0,Joey,"Okay, now the Mastodon is from the semi-late Jurassic period."
523,62,12,Rachel,"Yeah, I do."
522,62,11,Monica,"I don?t remember. Do you wanna take a walk?"
521,62,10,Rachel,"Oh yeah, what?s it about?"
520,62,9,Monica,"I am good. I finished my book."
519,62,8,Rachel,"So, how are you?"
518,62,7,Monica,"Oh my God!"
517,62,6,Rachel,"Music. Very nice."
516,62,5,Monica,"I guess they?re back from their date."
515,62,4,Rachel,"Oh.  Oh my God, is that Phoebe?"
514,62,3,Monica,"No honey, I?m sorry, but the weekend?s not over yet."
513,62,2,Chandler,"Yes, this, this was pleasant."
512,62,1,Joanna,"Well, thanks again for lunch."
511,62,0,Chandler,"It?s not a big deal. It?s, just it?s right here,  and it?s all the time."
510,61,12,Chandler,"Okay, let?s play! The big game, Italy vs. China, apparently."
509,61,11,Joey,"Okay, you?re on."
508,61,10,Chandler,"Yes it would. What do you say to $50?"
507,61,9,Joey,"It would be easier if you just give me your money."
506,61,8,Joey,"You haven?t beaten me once since my injury plagued ?97 season."
505,61,7,Joey,"What, are you crazy?"
504,61,6,Chandler,"What do you say we play a little uh, foosball for money?"
503,61,5,Chandler,"Say, Joe, I had a strange idea of what we could do for our last night."
502,61,4,Joey,"Me, bringing the food of my ancestors, you, the food of yours!"
501,61,3,Joey,"Hey, actually in a way it?s kinda nice."
500,61,2,Joey,"Oh that?s okay."
499,61,1,Chandler,"Oh, I wish I?d know you were going to do that, I ordered Chinese."
498,61,0,Joey,"Here it is! Our last pizzas together as roommates."
497,60,13,Phoebe,"Nah-ha!"
496,60,12,Ross,"Remember, I-I sucked that mini-marshmallow out of your belly button?"
495,60,11,Ross,"I ate hot fudge off you naked."
494,60,10,Ross,"Rachel, I?ve seen you naked a million times."
493,60,9,Rachel,"I don?t want you to see me naked!"
492,60,8,Ross,"What?"
491,60,7,Rachel,"Okay. Okay, great! Umm, okay, just turn around."
490,60,6,Ross,"Sure, okay."
489,60,5,Rachel,"Oh wait, Ross, would you just stay and help me get dressed?"
488,60,4,Ross,"Okay, come on! All right, I gotta go! So good luck at the party. Okay?"
487,60,3,Rachel,"Sure, I?ll just sit next to the trans-sexual from purchasing."
486,60,2,Ross,"Yep?"
485,60,1,Rachel,"Sure."
484,60,0,Ross,"There you go! Good enough for your party, huh?"
483,59,10,Monica,"But the minute we start to lie to each other?  And by 'we' I mean society."
482,59,9,Ross,"Well, maybe he just didn't want to hurt your feelings."
481,59,8,Monica,"You've been lying to me? I can't believe you'd do that."
480,59,7,Chandler,"I'm sorry but, ow-owww-owww!"
479,59,6,Rachel,"Maybe Joey's right. Maybe all good deeds are selfish."
478,59,5,Phoebe,"That old jackass!"
477,59,4,Phoebe,"Then I felt wonderful."
476,59,3,Phoebe,"But he caught me and force-fed me cider and cookies."
475,59,2,Phoebe,"Well, I snuck over there and-and raked up all the leaves on his front stoop."
474,59,1,Phoebe,"Y'know that old guy that lives next to me?"
473,59,0,Phoebe,"I cannot believe I can't find a selfless good deed!"
472,58,11,"Fake Monica","Really? Then why are you like that?"
471,58,10,Monica,"Um, I'm not actually Amish."
470,58,9,"Fake Monica","Yes necessarily! I mean, I dunno what it is, maybe it's the Amish thing."
469,58,8,Monica,"Not necessarily..."
468,58,7,"Fake Monica","You're gonna go back to being exactly who you were, because that's who you are."
467,58,6,"Fake Monica","There's nothing to wonder about, Monica."
466,58,5,Monica,"Well, not... worried, just... wondering."
465,58,4,"Fake Monica","Monica, I started my day by peeing in front of twenty-five other women, and you're worried about who's gonna take you to the"
464,58,3,Ross,"Thank you!"
463,58,2,Carol,"Hello? It's not gonna be Helen Geller."
462,58,1,Ross,"Helen Geller? I don't think so."
461,58,0,Susan,"Oh, please! What's wrong with Helen?"
460,57,13,Everyone,"Hi, welcome home!"
459,57,12,Rachel,"Hi!"
458,57,11,Joey,"You know what you shouldve done, you should have told yourself  that little story."
457,57,10,Chandler,"Not matter what I did I couldnt fall asleep."
456,57,9,Chandler,"I was like, if I fall asleep  now Ill get six hours sleep, but if I fall asleep now Ill get five hours  sleep."
455,57,8,Chandler,"Yknow?"
454,57,7,Chandler,"Couldnt sleep last night you know, then I started worrying  about this big divisional meeting that I have later today, the more I worried  about it the more I couldnt sleep."
453,57,6,Joey,"Whyre you so tired?"
452,57,5,Chandler,"No, no, Ross and Rachel will be back soon and then I gotta  go to the office  Am I producing  them?"
451,57,4,Monica,"Honey why dont you go lie down."
450,57,3,Chandler,"Yea yea."
449,57,2,Monica,"So  sexy.  Honey."
448,57,1,Phoebe,"No they ran out of """"Its a girl"""" but I can fix this one,  See?"
447,57,0,Monica,"Ok, I dont wanna be negative so Ill say that most of the  signs you bought are good."
446,56,9,All,"Nooo!"
445,56,8,Rachel,"Alright, that's it! Give it back! That's it!"
444,56,7,Ross,"Tell ya, you don't wanna be around when he starts writing with those!"
443,56,6,Ross,"Wait, did you get to the part about his 'huge throbbing pens'?"
442,56,5,Rachel,"Alright, alright, so I'm not a great typist..."
441,56,4,Joey,"You usually find them on the 'heaving beasts'."
440,56,3,Monica,"What's a 'niffle'?"
439,56,2,Monica,"Bye... bye..."
438,56,1,Rachel,"Oh, time's up."
437,56,0,Chandler,Airplane
436,55,13,Joey,"Listen, I ah, I know it?s a longshot. But, by any chance did she find that funny?"
435,55,12,Chandler,"It came up."
434,55,11,Joey,"Heard about the leg burnin? huh?"
433,55,10,Chandler,"Actually he?s the smallest person in the world."
432,55,9,Joey,"Morning."
431,55,8,Joey,"She?s right in there."
430,55,7,Chandler,"Where?s Mary-Angela?"
429,55,6,Joey,"Yeah."
428,55,5,Joey,"She was like the sixth person to spit on Mussolini's hanging body."
427,55,4,Joey,"Now look, listen, listen, you got to be cool, ?cause my Grandma doesn?t know about you two yet, and you do not want to tick her off."
426,55,3,Joey,"You are so the man!"
425,55,2,Chandler,"I?m here to see Mary-Angela."
424,55,1,Joey,"Waiting for my Grandma to finish my laundry. What about you?"
423,55,0,Chandler,"Joey, what-wh-wh-wha-wh-wha-wh-wha-wh-wha-what are you doing here?"
422,54,10,Rachel,"Ok. That's fine."
421,54,9,"Dr. Franzblau","I'm gonna go check up on your friend."
420,54,8,Rachel,"Yeah. Gotcha."
419,54,7,"Dr. Franzblau","Ok, all right, well aren't there times when you come home at the end of the day, and you're just like, 'if I see one more cup of coffee'..."
418,54,6,Rachel,"I'm a waitress."
417,54,5,Ross,"Sorry."
416,54,4,Ross,"Fact, she, uh- she never took'em off, 'cause we-we-  Sorry."
415,54,3,Ross,"Carol was wearing boots just like those the night that we- we first- y'know."
414,54,2,Chandler,"We'll take a brief time out while Messier stops to look at some women's shoes."
413,54,1,Joey,"Leetch spots Messier in the crease- there's the pass!"
412,54,0,Chandler,"...Poulet passes it up to Leetch!"
411,53,13,Joey,"Oh, yeah?! Then how come I keep thinking about her in all these sexual scenarios and stuff huh?!"
410,53,12,Chandler,"If you were in a school yard you?d be pulling her pigtails and pushing her down now!"
409,53,11,Chandler,"Hey, you have nothing but talk about her for the last 48 hours!"
408,53,10,Joey,"Oh.  Ohh. Ohh, you?re out of your mind."
407,53,9,Chandler,"I?m talking about you. You big, big freak."
406,53,8,Joey,"Hey, Chandler, can we please stay focused on my problem here?! Y'know?"
405,53,7,Chandler,"I think somebody has a crush on somebody."
404,53,6,Joey,"With her, ?Oh, I?m so talented.? and ?Oh, I?m so pretty,? and ?Ooh, I smell so good.?"
403,53,5,Joey,"I hate her!!"
402,53,4,Joey,"God, I just, I hate her!"
401,53,3,Chandler,"Ah, Sliced Bread, a wonderful Lady MacBeth."
400,53,2,Joey,"Just because she went to Yale drama, she thinks she?s like the greatest actress since, since, sliced bread!"
399,53,1,Chandler,"I wasn?t doing anything.  Uh-oh, what did she do now?"
398,53,0,Chandler,"I don?t think this town is big enough for both of us to relax in.  Draw!!"
397,52,11,Phoebe,"Okay, so it?s probably just the Ross thing then."
396,52,10,Rachel,"I don?t have any issues with my Father."
395,52,9,Phoebe,"Wow. So, okay, maybe that means that, you?re not over Ross yet and you have issues with your father."
394,52,8,Rachel,"Y'know, like I?d be cheating on Ross or something."
393,52,7,Rachel,"I mean I?m standing there with this charming, cute guy, who?s asking me to go out with him, which I?m allowed to do, and I felt guilty."
392,52,6,Rachel,"Oh, but it was so strange."
391,52,5,Rachel,"I mean I think I?d say no to anybody right now."
390,52,4,Phoebe,"Huh."
389,52,3,Rachel,"Well, I told him I would think about it, but I?m gonna tell him no."
388,52,2,Phoebe,"What, so what are you gonna tell him?"
387,52,1,Rachel,"I know."
386,52,0,Phoebe,"Wow! I cannot believe Mark asked you out."
385,51,11,Joey,"Although some of that stuff wasn't where you said it was gonna    be, but...  I made it work."
384,51,10,Ross,"Glad I could help man."
383,51,9,Joey,"Hey Ross! That art stuff worked, you hooked me    up."
382,51,8,Charlie,"Yeah, let's go.   Thanks    Ross."
381,51,7,Joey,"You're ready?"
380,51,6,Charlie,"Hey!"
379,51,5,Ross,"Hey!"
378,51,4,Joey,"Hey!"
377,51,3,Ross,"That was going to be my next argument."
376,51,2,Charlie,"He is very sweet. Plus he's"
375,51,1,Ross,"You know, that's the    kind of guy Joey is."
374,51,0,Ross,"And if you think about it, I mean the reason he memorized all    that stuff is because he thought it was important to you."
373,50,11,Rachel,"Well, actually Gunther sent me. You?re not allowed to have cups out here, it?s a thing."
372,50,10,Phoebe,"You?re so sweet to wait with me."
371,50,9,Phoebe,"It?s like the last desperate chance to have a family, y'know, kinda thing."
370,50,8,Phoebe,"Y'know it?s just y'know Mom?s dead, don?t talk to my sister, Grandma?s been sleeping a lot lately."
369,50,7,Phoebe,"No, I know, I?m just nervous."
368,50,6,Rachel,"Well relax, he?ll be here."
367,50,5,Phoebe,"Yeah, I did. I think it sounds y'know big sistery, y'know, ?Frank?s always late.?"
366,50,4,Rachel,"I thought you only met him once?"
365,50,3,Phoebe,"No, but he?s always late."
364,50,2,Rachel,"Any sign of your brother?"
363,50,1,Phoebe,"Hey!"
362,50,0,Rachel,"Hey Pheebs."
361,49,8,Ross,"Oh! So-so seriously, what time?"
360,49,7,Ross,"Gotcha."
359,49,6,Ross,"What time?"
358,49,5,Ross,"Oh I, I don?t-I don?t think that would be the best idea."
357,49,4,Ross,"That was you?"
356,49,3,Erin,"What about shut up?"
355,49,2,Joey,"What about Game 1 of the Series?"
354,49,1,Erin,"What about Benitez?"
353,49,0,Joey,"How can you say that?! The"
352,48,6,Ross,"Look, it's just a little more complicated..."
351,48,5,Joey,"You slept with her for seven years after that."
350,48,4,Joey,"So you slept with her for the first time, so what?"
349,48,3,Joey,"What is the big deal about today?"
348,48,2,Joey,"He's right, enough, already."
347,48,1,Chandler,"Yes, the moon, the glow, the magical feeling, you did this part- Could I get some painkillers over here, please?"
346,48,0,Ross,"I remember the moonlight coming through the window- and her face had the most incredible glow."
345,47,8,Mona,"Ohh!  And I love spending time with you."
344,47,7,Ross,"I love you!"
343,47,6,Mona,"What?"
342,47,5,Ross,"I?m trying to tell you I made you a mix tape."
341,47,4,Mona,"Umm, I-I thought we were moving forward and now you?re-you?re sending me all these mixed signals. What are you trying to tell me?"
340,47,3,Mona,"I don?t understand. You-you give me a key to your apartment and then you change the lock."
339,47,2,Ross,"No. That guy is."
338,47,1,Mona,"Hey Ross, what?s going on? You changing the lock?"
337,47,0,Ross,"Okay, and oh I?m gonna need a bunch of extra keys. Apparently I give them away for no reason at all."
336,46,6,Ross,"Y'know, here's the thing. Even if I could get it together enough to- to ask a woman out,... who am I gonna ask?"
335,46,5,Joey,"Right.? Thanks.? It's June.? I'm outta here."
334,46,4,Chandler,"Angela's the screamer, Andrea has cats."
333,46,3,Joey,"Great story!? But, I uh, I gotta go, I got a date with Andrea--Angela--Andrea...? Oh man,"
332,46,2,Ross,"Do the words 'Billy, don't be a hero' mean anything to you?"
331,46,1,Ross,"Do you know how long it's been since I've grabbed a spoon?"
330,46,0,Ross,"Grab a spoon."
329,45,5,Chandler,"I... I don't know... you seem lovely."
328,45,4,"Bitter lady","Chapter 7: Divorce is a 4 letter word."
327,45,3,"Bitter lady","Because in    life there are no intermissions, people."
326,45,2,"Bitter lady","Well, you're not gonna get one!"
325,45,1,Chandler,"oh yes, God yes!!"
324,45,0,"Bitter lady","Well, I bet you are all thinkin' """"Now would be a really    great time for an intermission"""", huh?"
323,44,6,Chandler,"Oh, y'know, what did you mean when you said pivot?"
322,44,5,Rachel,"I know, me neither! I mean, you"
321,44,4,Ross,"I can't believe that didn't work!"
320,44,3,Chandler,"Okay, yeah, I think it's really stuck now."
319,44,2,Ross,"All right, let's uh, let's bring it back down and-and try again."
318,44,1,Rachel,"You think?!"
317,44,0,Ross,"Okay, I don't think it's going to pivot anymore."
316,43,4,"Joey's Doctor","Kidney stones!"
315,43,3,Joey,"Or?"
314,43,2,"Joey's Doctor","It's kidney stones."
313,43,1,Joey,"Umm, well, what else could it be?"
312,43,0,"Joey's Doctor","Mr. Tribbiani, I'm afraid you've got kidney stones."
311,42,8,Joey,"Noo!! I?ve had the best day ever! Dude, check this out!"
310,42,7,Chandler,"Yeah?"
309,42,6,Joey,"Me too."
308,42,5,Chandler,"And if it makes you feel any better, I?ve had a really lousy day."
307,42,4,Chandler,"I really shouldn?t have said that you were embarrassing me, I mean that really wasn?t cool."
306,42,3,Chandler,"No-no-no, y?know what?"
305,42,2,Joey,"Oh.  Sorry!"
304,42,1,Chandler,"Hey."
303,42,0,Joey,"Hey."
302,41,8,"Dr. Franzblau","It's like uh...Well, for instance, what do you do?"
301,41,7,"Dr. Franzblau","I try not to let my work affect my personal life, but it's hard, when you... do what I do."
300,41,6,Rachel,"Oh."
299,41,5,"Dr. Franzblau","No, no, really. I suppose it's because I spend so much time, you know, where I do."
298,41,4,Rachel,"Right, yeah, I've heard that about cute doctors."
297,41,3,"Dr. Franzblau","No, it's hard enough to get women to go out with me."
296,41,2,Rachel,"No, no, not at the moment, no, I'm not. Are you?"
295,41,1,"Dr. Franzblau","So, uh, tell me, are you currently involved with anyone?"
294,41,0,"Dr. Franzblau","I don't know, could be an hour, could be three, but relax, she's doing great."
293,40,5,Joey,"No."
292,40,4,Ross,"You wanna buy a car?"
291,40,3,"The Man In The Sportscar","How hot are we?"
290,40,2,Ross,"Woohoo!"
289,40,1,Joey,"All-all right!  Start it up! Let?s go!"
288,40,0,Ross,"Yes! My baby?s finally free!"
287,39,6,Steve,"It's a lovely apartment."
286,39,5,Phoebe,"Mmmmmm! Everything smells so delicious! You know, I can't remember a time I smelt such a delicious combination of  of, OK, smells."
285,39,4,Steve,"Yeah, OK."
284,39,3,Monica,"This is Rachel."
283,39,2,Steve,"Hello, Monica.  Hello, greeter girl."
282,39,1,Monica,"Hi Steve!"
281,39,0,Rachel,"Well hello! Welcome to Monica's. May I take your coat?"
280,38,8,Rachel,"Um... my... father."
279,38,7,Monica,"And who pays for that?"
278,38,6,Rachel,"Uh, credit card."
277,38,5,Monica,"How'd you pay for them?"
276,38,4,Rachel,"They're my new 'I don't need a job, I don't need my parents, I've got great boots' boots!"
275,38,3,Chandler,"Oh, how well you know me..."
274,38,2,Rachel,"You would be too if you found John and David boots on sale, fifty percent off!"
273,38,1,Chandler,"And yet you're surprisingly upbeat."
272,38,0,Rachel,"Are you kidding? I'm trained for nothing! I was laughed out of twelve interviews today."
271,37,6,Ross,"I know, I wasn?t finished.   But don?t worry! We?re gonna go down the fire escape!!"
270,37,5,Joey,"Ross. I was thinking we could just go down the fire escape."
269,37,4,Ross,"Yeah, I guess we don?t have a choice.  Help us! Please help us! We?re stuck up on the roof and we can?t get down!!!"
268,37,3,Joey,"All right well, y?know?I guess we know what we have to do to get down."
267,37,2,Ross,"I can?t believe this!!"
266,37,1,Joey,"Come on!"
265,37,0,Ross,"Rachel!! Monica!!"
264,36,4,"Ms. McKenna","Then, problem solved. Chandler will be running our office  in Tulsa. Youre gonna love Oklahoma."
263,36,3,Chandler,"Yes."
262,36,2,"Ms. McKenna","Are you on board?"
261,36,1,Chandler,"Yep."
260,36,0,"Ms. McKenna","Ok if everyones on board, its settled, Chandler,   Chandler?"
259,35,8,Frannie,"Are you kidding? I take credit for Paul. Y'know before me, there was no snap in his turtle for two years."
258,35,7,Monica,"You mean you know Paul like I know Paul?"
257,35,6,Frannie,"Paul the Wine Guy? Oh yeah, I know Paul."
256,35,5,Monica,"You know Paul?"
255,35,4,Frannie,"Oh, I hate you, I'm pushing my Aunt Roz through Parrot Jungle and you're having sex!"
254,35,3,Monica,"How do you do that?"
253,35,2,Frannie,"You had sex, didn't you?"
252,35,1,Monica,"Hey Frannie, welcome back! How was Florida?"
251,35,0,Frannie,"Hey, Monica!"
250,34,5,Joey,"Yeah!  Y?know, she could use a little?  Oh nice shot!!!"
249,34,4,Ross,"Yeah, laugh all you want but in ten minutes we?re gonna have younger looking skin!"
248,34,3,Monica,"I?m sorry. I?m sorry. I-I should probably leave you girls alone."
247,34,2,Monica,"Alright, what?s going on?"
246,34,1,Chandler,"I thought you were gonna be gone all day."
245,34,0,Monica,"Hey guys! Do you wanna look at the song list for the wedding?  Guys?"
244,33,4,Joey,"Yeah, you are!  I scared you!"
243,33,3,Chandler,"I'm over here big guy."
242,33,2,Joey,"It worked! I scared ya, I knew it! Ha-ha!"
241,33,1,Chandler,"Arghhhhhh!!"
240,33,0,Rachel,"Hey Mon, what are you doing now? Wanna come see a movie with us?"
239,32,6,Doug,"Oh yeah-yeah-yeah, y?know I did it and I felt a hell of a lot better and if you whip it just right you might hit a seagull in the head."
238,32,5,Chandler,"Oh no-no-no!"
237,32,4,Doug,"No, it?s a wedding ring. You gotta get rid of it. We?re gonna go to the East River right now and throw it in there!"
236,32,3,Chandler,"It?s a hand. It?s a thing you use as a"
235,32,2,Doug,"Bing?What?s this?!"
234,32,1,Chandler,"Oh that?s all right sir, and that?s just one girl."
233,32,0,Doug,"Oh Bing, look at those twin sisters dancing together. Let me buy you a lap dance with those girls. Huh?"
232,31,6,Frank,"Well, when I tell my friends about her she will be."
231,31,5,Phoebe,"She wasn?t a hooker."
230,31,4,Frank,"Oh come on we went, we went to Time Square, we found ninja stars, I almost got arm broken by a hooker..."
229,31,3,Phoebe,"Uh-huh."
228,31,2,Frank,"This?"
227,31,1,Phoebe,"Okay. All right, this is my favourite part of the weekend, right now, this."
226,31,0,Frank,"You hopped a little bit. Yeah, I really sorry."
225,30,6,"Chandler and Phoebe","...in you, my endless"
224,30,5,Phoebe,"I?ve found...."
223,30,4,Chandler,"I?ve found"
222,30,3,Phoebe,"I know"
221,30,2,Chandler,"I know"
220,30,1,"Chandler and Phoebe","Yes! You mean the world the world to me. Oh..."
219,30,0,"Chandler and Phoebe","I?ll be a fool for you. I?m sure, you know I don?t mind"
218,29,4,Bob,"Say uh, who the"
217,29,3,Bob,"Apparently somebody thinks I?m not eleventh floor material."
216,29,2,Bob,"I just had a meeting, I was actually hoping to get transferred up here, but I just found out its not gonna happen."
215,29,1,Chandler,"Sure, what?s up?"
214,29,0,Bob,"Hey Toby, you got a sec?"
213,28,5,Monica,"Because I think it might take some of the heat off me."
212,28,4,Monica,"I know this is going to sound unbelievably selfish, but, were you planning on bringing up the whole baby/lesbian thing?"
211,28,3,"Mrs. Geller","Oh, we're having spaghetti! That's.... easy."
210,28,2,Monica,"How was that possible?"
209,28,1,"Young Ethan","I am telling you, up until I was, like nine, I thought that gunpoint was an actual place where crimes happen."
208,28,0,Monica,"Did not."
207,27,8,Phoebe,"Well let?s just say its.. she?s lucky she has a sweet ass, ?cause she?s not so good at the writing."
206,27,7,Ross,"How?s Monica coming along with her vows?"
205,27,6,Joey,"How is """"Monica, I love your sweet ass,"""" inappropriate?"""""
204,27,5,Ross,"Oh, we were helping Chandler write his vows, but he kicked us out because Joey kept making inappropriate suggestions."
203,27,4,Rachel,"Hey, what have you guys been up to?"
202,27,3,Phoebe,"Hey!"
201,27,2,Rachel,"Hey!"
200,27,1,Ross,"Hey!"
199,27,0,Joey,"Hey!"
198,26,6,Joey,"Yeah, okay."
197,26,5,"Casting Director #2","No."
196,26,4,Joey,"Or, I could just point to it! Huh? Blah, blah, blah,"
195,26,3,"Casting Director #2","No, the line is pick a bag, so you need to pick up the bag."
194,26,2,Joey,"Exactly."
193,26,1,"Casting Director #2","That?s where you pick up the bag."
192,26,0,Joey,"So that?s why I feed my dog"
191,25,6,Phoebe,"Enter Pheebs."
190,25,5,Joey,"He seemed like a stand up guy. Oh, and he?s not into anything weird sexually."
189,25,4,Phoebe,"Oh."
188,25,3,Joey,"A widower."
187,25,2,Phoebe,"Oh. Ah-uh."
186,25,1,Joey,"Uh, well he?s 33."
185,25,0,Phoebe,"What else? What else?"
184,24,7,Rachel,"I think, if it was a little colder in here I could see your nipples through that sweater."
183,24,6,Ross,"What do you think Rach?"
182,24,5,Ross,"I?ll just say I like things the way they are, and hope for the best."
181,24,4,Ross,"I?ll just have the conversation."
180,24,3,Ross,"I-I?Y?know what?"
179,24,2,Ross,"Forget it."
178,24,1,Chandler,"What are you doing?"
177,24,0,Joey,"So you uh, nervous about getting married?"
176,23,5,Ross,"You're right, you're right, it is...So you gonna invite us all to the big opening?"
175,23,4,Ross,"I mean, not just in palaeontology, but if-if you think about it, in evolutionary biology, uh, genetics, geology, uh, I mean, truly the mind boggles!"
174,23,3,Ross,"So-so what I am saying is - is is that  is that the repercussions could be huge!"
173,23,2,Ross,"I mean, we've been accepting Leakey's dates as a given, but if they're off by even a hundred thousand years or so then you can - you can just throw most of our assumptions, you know, right in the trash."
172,23,1,"Professor Sherman","Mmm-mm."
171,23,0,Ross,"The data we are receiving from MRI scans and DNA testing of these fossils are - are staggering."
170,22,7,Monica,"She?s a hooker! She?s a hooker! She?s a?  Hi! Uh, we spoke on the phone."
169,22,6,Hooker,"Oh God! Listen, I am this close to robbing you guys."
168,22,5,Joey,"You got it. Come here."
167,22,4,Chandler,"Yeah, I miss that too. I tell you what; from now on we?ll make time to hang out with each other."
166,22,3,Joey,"Oh sure?And hey, don?t get me wrong, I am so happy for you guys. I just?I miss?hanging out?just-just us, y?know?"
165,22,2,Rachel,"You gave them to me!"
164,22,1,Monica,"Where did you get those jeans?!"
163,22,0,Rachel,"Hi!"
162,21,7,Monica,"Why? Because of the government."
161,21,6,Richard,"Why?"
160,21,5,Monica,"Well, the end table is wrong, The couch looks bizarre and don't even get me started on the refrigerator magnets."
159,21,4,Chandler,"No, I don't see anything different other than the fact that the room got so much brighter when you came into it."
158,21,3,Ross,"Bye!"
157,21,2,Monica,"Why is everything different?"
156,21,1,Chandler,"Uh-huh"
155,21,0,Monica,"Is it okay for me to come in now?"
154,20,4,Joey,"No, I really have to pee."
153,20,3,Chandler,"Is that your new walk?"
152,20,2,Chandler,"Let?s go."
151,20,1,Joey,"Maybe she killed him?"
150,20,0,Phoebe,"They?ve been quiet for a long time."
149,19,8,Rachel,"Oh, my gosh."
148,19,7,Rachel,"Oh my God."
147,19,6,Rachel,"Hey, time-out, umm, yeah, does the captain know that we?re moving?"
146,19,5,Rachel,"Why are we moving?"
145,19,4,Rachel,"Are we moving?"
144,19,3,Rachel,"Hey, are we moving?!"
143,19,2,Rachel,"Hey, look at that, the airport?s moving."
142,19,1,Rachel,"Woo!"
141,19,0,Rachel,"Ahh, yes, I will have a glass of the Merlot and uh,  he will have a white wine spritzer."
140,18,4,"Hypnosis Tape","A strong, confident woman, who does not need to smoke."
139,18,3,"Hypnosis Tape","You are a strong, confident woman, who does not need to smoke."
138,18,2,"Hypnosis Tape","Cigarettes don?t control you."
137,18,1,"Hypnosis Tape","You do not need to smoke."
136,18,0,Joey,"Every night!!"
135,17,5,Ross,"Me either..."
134,17,4,Rachel,"Oh! Man, I never thought I'd be here.."
133,17,3,Chandler,"Oh, why not. Was I doing anything particularly... saucy?"
132,17,2,Rachel,"No, forget it."
131,17,1,Chandler,"Oh, come on. You told me about the last dream."
130,17,0,Ross,"Okay, Andre should be there in like 45 minutes. All rightie, bye bye.  Just easier that way."
129,16,5,Joey,"Okay!"
128,16,4,"The Singing Man","I?ll see you tomorrow morning!"
127,16,3,"The Singing Man","Breakfast is near!"
126,16,2,Joey,"Hey!  Get into gear!"
125,16,1,"The Singing Man","Hey! You?re back!"
124,16,0,"The Singing Man","Morning?s here! The morning?s here!"
123,15,7,Phoebe,"Well, it felt French."
122,15,6,Rachel,"That's not European!"
121,15,5,Monica,"Probably some y'know, European good-bye thing he picked up in London."
120,15,4,Joey,"See ya!!  What the hell was that?!"
119,15,3,Chandler,"So, thanks for having me over! Rach.  Pheebs."
118,15,2,Monica,"Oh, good."
117,15,1,Chandler,"I got caught up and work, but I'm quitting tomorrow."
116,15,0,Monica,"What took you so long?"
115,14,6,Richard,"I know.  I"
114,14,5,Chandler,"Y?know Richard?you are a good guy."
113,14,4,Richard,"Trust me."
112,14,3,Richard,"If you do get her, don?t let her go."
111,14,2,Richard,"And can I give you a piece of advice?"
110,14,1,Richard,"You go get her Chandler."
109,14,0,Richard,"No I don?t have a ring!"
108,13,8,Joey,"Vell, Eva, ve've done some excellent vork here, and I vould have to say, your pwoblem is qviiite clear."
107,13,7,Ross,"Oh, shhh, shh. Magic is about to happen."
106,13,6,Phoebe,"The exclamation point in the title scares me.  Y'know, it's not just"
105,13,5,Chandler,"You can always spot someone who's never seen one of his plays before. Notice, no fear, no sense of impending doom..."
104,13,4,Rachel,"Ooh! Look! Look! Look! Look, there's Joey's picture! This is so exciting!"
103,13,3,Phoebe,"Eww, look. Ugly Naked Guy lit a bunch of candles."
102,13,2,Joey,"Well, Chandler's old roomate was Jewish, and these are the only candles we have, so... Happy Chanukah, everyone."
101,13,1,Ross,"And officiating at tonight's blackout, is Rabbi Tribbiani."
100,13,0,Joey,"Hi everyone."
99,12,8,Gunther,"I knew you'd understand."
98,12,7,Rachel,"Okay."
97,12,6,Gunther,"So umm, are we cool?"
96,12,5,Rachel,"Okay."
95,12,4,Gunther,"Well, we kissed. I-I-I didn't initiate the kiss, but-but I also didn't stop it, and I've been feeling guilty."
94,12,3,Rachel,"No!"
93,12,2,Gunther,"I don't know if you heard about what happened between me and Phoebe the other day_"
92,12,1,Rachel,"Yeah."
91,12,0,Gunther,"Rachel?"
90,11,8,Joey,"Yeah. I?ll let you play with my duck."
89,11,7,"The Stripper","Yeah?"
88,11,6,Joey,"Oh unless you uh, you wanna hang around."
87,11,5,"The Stripper","Yeah, that would be great. So I guess umm, good night."
86,11,4,Joey,"Oh thanks. Thanks. It was great meetin? ya. And listen if any of my friends gets married, or have a birthday, or a Tuesday"
85,11,3,"The Stripper","You are really good at that. So uh, I had fun tonight, you throw one hell of a party."
84,11,2,Joshua,"What?s up? You?re voice sounded all squeaky on the phone."
83,11,1,Rachel,"Hi!"
82,11,0,Joshua,"Hey, Rachel."
81,10,6,All,"Oh!"
80,10,5,Phoebe,"Okay, but this can?t be good for the baby."
79,10,4,Frank,"MY SISTER?S GONNA HAVE MY BABY!!!!!!!"
78,10,3,Phoebe,"You guys! You guys! You?re gonna have a baby! They?re gonna have a baby!"
77,10,2,Rachel,"No it?s not!"
76,10,1,Joey,"But it is our apartment!"
75,10,0,Rachel,"Will you stop calling it your apartment!"
74,9,5,Ross,"Hi."
73,9,4,Rachel,"Hi, sure!"
72,9,3,Monica,"This is everybody, this is Chandler, and Phoebe, and Joey, and- you remember my brother Ross?"
71,9,2,Monica,"Okay, everybody, this is Rachel, another Lincoln High survivor."
70,9,1,Rachel,"I just went to your building and you weren't there and then this guy with a big hammer said you might be here and you are, you are!"
69,9,0,Rachel,"Oh God Monica hi!"
68,8,6,Chandler,"We didn?t play it!!"
67,8,5,Joey,"Yeah. Okay.  Whoa!  I almost forgot this was on your"
66,8,4,Monica,"I mean I know it?s weird, it?s awkward, but you gotta at least try."
65,8,3,Monica,"I mean, what are you gonna do, never going to talk to her again?"
64,8,2,Monica,"This is Rachel."
63,8,1,Joey,"All right so, so what do I do?"
62,8,0,Monica,"Hello? No rejection? I got shot down at fat camp! Boy, kids are mean when they?re hungry."
61,7,7,Joey,"Big day."
60,7,6,Monica,"Aww..."
59,7,5,Rachel,"And now I know."
58,7,4,Rachel,"Y'know, ever since I ran out on Barry at the wedding, I have wondered whether I made the right choice."
57,7,3,Rachel,"Yeah!"
56,7,2,Monica,"Really?"
55,7,1,Rachel,"Yeah."
54,7,0,Monica,"You okay?"
53,6,8,Rachel,"Okay."
52,6,7,Joey,"Okay."
51,6,6,Rachel,"Do you want to put the book in the freezer?"
50,6,5,Joey,"Yeah."
49,6,4,Rachel,"Joey?"
48,6,3,Joey,"Jo?s there, but I don?t think there?s anything she could do."
47,6,2,Rachel,"Awwww."
46,6,1,Joey,"Beth is really, really sick."
45,6,0,Rachel,"What?"
44,5,5,Rachel,"Any chance you think the couch looks good there?"
43,5,4,Ross,"Yeah, you got it right? You got it right? You got it?"
42,5,3,Rachel,"Oh-oh!"
41,5,2,Ross,"Good-good-good."
40,5,1,Rachel,"Yeah."
39,5,0,Chandler,"So what do you say, maybe sometime I hold your gun?"
38,4,7,Joey,"Whoa-whoa! No-no-no-no-no, nothing is going up! Okay? Up, up is not an option?what's a urethra?  Are you crazy?!"
37,4,6,"Joey's Doctor","Which means we can either wait for you to pass them or else go up the urethra"
36,4,5,"Joey's Doctor","Now, ordinarily Mr. Tribbiani, we try to break up the stones up with shock waves, but they're to close to the bladder now."
35,4,4,"Joey's Doctor","Kidney stones!"
34,4,3,Ross,"Hey! I just heard. What's up?"
33,4,2,Monica,"Me too."
32,4,1,Joey,"Well, maybe a little. I wish you hadn't seen me throw up."
31,4,0,Monica,"Feeling a little better sweetie?"
30,3,8,Phoebe,"Oh hi Ben?No!! Don?t look at the machine!"
29,3,7,Ross,"Phoebe!!"
28,3,6,Phoebe,"I can?t!! I can?t!!  Noooooooo!!!!!!! You son of a bitch!!!!!"
27,3,5,Chandler,"All right! Go left! Go left! Go right!! Go right!!"
26,3,4,Monica,"Don?t touch her!!"
25,3,3,Phoebe,"Don?t touch me!!"
24,3,2,Chandler,"One more score to go! You can do it!"
23,3,1,Phoebe,"I know!"
22,3,0,Monica,"Oh my God Phoebe, you?re on fire!"
21,2,8,Annabelle,"Sure."
20,2,7,Joey,"Listen, uh, what do you say I buy you that cup of coffee now?"
19,2,6,Joey,"Sooner or later, they all...stop lastin'."
18,2,5,Joey,"These new kids, they never last."
17,2,4,Annabelle,"My god, what happened?"
16,2,3,"Hombre Man","I'm sorry. I am such a doofus. I'm so sorry, I'm so sorry."
15,2,2,Julie,"Really?"
14,2,1,Phoebe,"Oh yeah!? Oh, I can do that."
13,2,0,Julie,"I was thinking of doing it a little shorter, you know, like Andie McDowell's new haircut?"
12,1,7,Monica,"Come on.  Hello?  I?m sorry you have the wrong number.   Okay, I?ll call you later dad. I love you."
11,1,6,Chandler,If
10,1,5,Ross,"You were trying to eat it!"
9,1,4,Monica,"I was trying to help out a squirrel."
8,1,3,Ross,"Then how did you get caught in the barbed wire?"
7,1,2,Monica,"I wasn?t escaping."
6,1,1,Ross,"Oh, but he will. He still tells the story how Monica tried to escape from fat camp."
5,1,0,Chandler,"I don?t want him to tell this story for years."
4,0,4,Joey,"I don't wanna hear it! Now go to my room!"
3,0,3,"Mr. Tribbiani","Yeah, but this is"
2,0,2,Joey,"Then you gotta come clean with Ma! This is not right!"
1,0,1,Monica,"Oh! You're awake!"
0,0,0,Phoebe,"Alright, whadyou do with him?"
